Date,Open,High,Low,Close,Volume
2010-01-04,1600.0,1600.0,1580.0,1597.0,5600.0
2010-01-05,1597.0,1605.0,1590.0,1600.0,14800.0
2010-01-06,1600.0,1602.0,1579.0,1601.0,8300.0
2010-01-07,1600.0,1600.0,1590.0,1595.0,3700.0
2010-01-08,1599.0,1601.0,1595.0,1600.0,32300.0
2010-01-12,1582.0,1624.0,1582.0,1610.0,7200.0
2010-01-13,1602.0,1619.0,1595.0,1605.0,7100.0
2010-01-14,1605.0,1749.0,1605.0,1729.0,45600.0
2010-01-15,1715.0,1725.0,1680.0,1705.0,20400.0
2010-01-18,1705.0,1708.0,1690.0,1705.0,3400.0
2010-01-19,1690.0,1700.0,1685.0,1695.0,4400.0
2010-01-20,1696.0,1705.0,1685.0,1700.0,18000.0
2010-01-21,1680.0,1720.0,1680.0,1718.0,9500.0
2010-01-22,1728.0,1754.0,1710.0,1754.0,19000.0
2010-01-25,1720.0,1750.0,1720.0,1750.0,4600.0
2010-01-26,1750.0,1760.0,1730.0,1748.0,8000.0
2010-01-27,1748.0,1800.0,1741.0,1800.0,32700.0
2010-01-28,1795.0,1798.0,1779.0,1795.0,11100.0
2010-01-29,1794.0,1800.0,1713.0,1798.0,16300.0
2010-02-01,1700.0,1732.0,1650.0,1732.0,15200.0
2010-02-02,1732.0,1732.0,1635.0,1650.0,21600.0
2010-02-03,1651.0,1657.0,1640.0,1640.0,21200.0
2010-02-04,1640.0,1648.0,1600.0,1617.0,15000.0
2010-02-05,1610.0,1646.0,1556.0,1560.0,18300.0
2010-02-08,1564.0,1594.0,1564.0,1589.0,4400.0
2010-02-09,1589.0,1589.0,1557.0,1567.0,5700.0
2010-02-10,1568.0,1588.0,1528.0,1570.0,21300.0
2010-02-12,1571.0,1582.0,1570.0,1580.0,8700.0
2010-02-15,1600.0,1600.0,1570.0,1570.0,22400.0
2010-02-16,1570.0,1570.0,1550.0,1552.0,12600.0
2010-02-17,1553.0,1570.0,1552.0,1567.0,6300.0
2010-02-18,1567.0,1575.0,1558.0,1575.0,15400.0
2010-02-19,1597.0,1603.0,1576.0,1577.0,4800.0
2010-02-22,1597.0,1600.0,1597.0,1598.0,4500.0
2010-02-23,1600.0,1605.0,1595.0,1600.0,7500.0
2010-02-24,1600.0,1605.0,1596.0,1603.0,6800.0
2010-02-25,1603.0,1603.0,1597.0,1600.0,7000.0
2010-02-26,1649.0,1649.0,1625.0,1626.0,9900.0
2010-03-01,1630.0,1637.0,1626.0,1630.0,3900.0
2010-03-02,1647.0,1647.0,1602.0,1622.0,7600.0
2010-03-03,1630.0,1630.0,1615.0,1615.0,6400.0
2010-03-04,1615.0,1616.0,1598.0,1598.0,11700.0
2010-03-05,1600.0,1612.0,1585.0,1612.0,15200.0
2010-03-08,1602.0,1614.0,1600.0,1600.0,5100.0
2010-03-09,1606.0,1606.0,1598.0,1600.0,3600.0
2010-03-10,1600.0,1600.0,1595.0,1600.0,3400.0
2010-03-11,1599.0,1607.0,1597.0,1599.0,3000.0
2010-03-12,1600.0,1613.0,1600.0,1613.0,5700.0
2010-03-15,1620.0,1620.0,1613.0,1619.0,3400.0
2010-03-16,1620.0,1620.0,1612.0,1620.0,8900.0
2010-03-17,1620.0,1627.0,1619.0,1621.0,4900.0
2010-03-18,1625.0,1625.0,1609.0,1610.0,7500.0
2010-03-19,1612.0,1626.0,1612.0,1626.0,3900.0
2010-03-23,1629.0,1629.0,1625.0,1626.0,13700.0
2010-03-24,1629.0,1629.0,1625.0,1627.0,40700.0
2010-03-25,1628.0,1628.0,1621.0,1627.0,13200.0
2010-03-26,1629.0,1629.0,1623.0,1623.0,11400.0
2010-03-29,1563.0,1580.0,1544.0,1575.0,17300.0
2010-03-30,1600.0,1600.0,1581.0,1581.0,21000.0
2010-03-31,1593.0,1593.0,1571.0,1581.0,7300.0
2010-04-01,1561.0,1561.0,1534.0,1548.0,34400.0
2010-04-02,1544.0,1544.0,1525.0,1526.0,17800.0
2010-04-05,1529.0,1529.0,1513.0,1515.0,18300.0
2010-04-06,1531.0,1531.0,1515.0,1515.0,24500.0
2010-04-07,1510.0,1510.0,1468.0,1486.0,72300.0
2010-04-08,1470.0,1476.0,1459.0,1465.0,58900.0
2010-04-09,1477.0,1510.0,1470.0,1500.0,34400.0
2010-04-12,1502.0,1509.0,1500.0,1503.0,23900.0
2010-04-13,1508.0,1508.0,1495.0,1506.0,19900.0
2010-04-14,1506.0,1506.0,1495.0,1500.0,16700.0
2010-04-15,1506.0,1507.0,1500.0,1502.0,10700.0
2010-04-16,1507.0,1518.0,1500.0,1518.0,14300.0
2010-04-19,1518.0,1524.0,1500.0,1513.0,19400.0
2010-04-20,1522.0,1530.0,1511.0,1520.0,9700.0
2010-04-21,1529.0,1529.0,1520.0,1524.0,13700.0
2010-04-22,1560.0,1560.0,1524.0,1529.0,62500.0
2010-04-23,1542.0,1612.0,1538.0,1606.0,48000.0
2010-04-26,1610.0,1640.0,1608.0,1621.0,38800.0
2010-04-27,1621.0,1621.0,1593.0,1611.0,13800.0
2010-04-28,1600.0,1610.0,1591.0,1610.0,10200.0
2010-04-30,1600.0,1650.0,1600.0,1648.0,43300.0
2010-05-06,1632.0,1690.0,1613.0,1667.0,32500.0
2010-05-07,1607.0,1650.0,1605.0,1650.0,27300.0
2010-05-10,1625.0,1640.0,1606.0,1610.0,3800.0
2010-05-11,1611.0,1611.0,1570.0,1580.0,7100.0
2010-05-12,1570.0,1587.0,1565.0,1579.0,2800.0
2010-05-13,1599.0,1630.0,1599.0,1615.0,16900.0
2010-05-14,1593.0,1593.0,1530.0,1530.0,27200.0
2010-05-17,1531.0,1545.0,1530.0,1533.0,8200.0
2010-05-18,1540.0,1559.0,1533.0,1555.0,5500.0
2010-05-19,1578.0,1578.0,1513.0,1534.0,7600.0
2010-05-20,1534.0,1535.0,1518.0,1521.0,7700.0
2010-05-21,1521.0,1521.0,1475.0,1499.0,14700.0
2010-05-24,1500.0,1504.0,1489.0,1490.0,10700.0
2010-05-25,1490.0,1495.0,1473.0,1479.0,8900.0
2010-05-26,1471.0,1472.0,1460.0,1460.0,3700.0
2010-05-27,1460.0,1465.0,1441.0,1458.0,3300.0
2010-05-28,1469.0,1475.0,1465.0,1470.0,3600.0
2010-05-31,1476.0,1496.0,1471.0,1495.0,5600.0
2010-06-01,1498.0,1498.0,1481.0,1489.0,3600.0
2010-06-02,1485.0,1485.0,1475.0,1483.0,2600.0
2010-06-03,1483.0,1490.0,1473.0,1475.0,25800.0
2010-06-04,1475.0,1475.0,1467.0,1467.0,9900.0
2010-06-07,1456.0,1457.0,1436.0,1445.0,6300.0
2010-06-08,1435.0,1441.0,1408.0,1410.0,15200.0
2010-06-09,1400.0,1400.0,1393.0,1398.0,18500.0
2010-06-10,1400.0,1420.0,1400.0,1406.0,7400.0
2010-06-11,1410.0,1416.0,1407.0,1410.0,11100.0
2010-06-14,1406.0,1417.0,1405.0,1415.0,11300.0
2010-06-15,1410.0,1415.0,1407.0,1410.0,7200.0
2010-06-16,1412.0,1415.0,1412.0,1413.0,800.0
2010-06-17,1413.0,1415.0,1409.0,1414.0,4400.0
2010-06-18,1420.0,1420.0,1403.0,1406.0,10000.0
2010-06-21,1407.0,1411.0,1402.0,1405.0,44600.0
2010-06-22,1413.0,1420.0,1406.0,1414.0,20200.0
2010-06-23,1414.0,1415.0,1411.0,1415.0,12400.0
2010-06-24,1412.0,1413.0,1408.0,1413.0,2300.0
2010-06-25,1430.0,1430.0,1406.0,1406.0,7400.0
2010-06-28,1422.0,1425.0,1411.0,1411.0,11300.0
2010-06-29,1415.0,1428.0,1407.0,1409.0,3700.0
2010-06-30,1409.0,1409.0,1389.0,1396.0,12900.0
2010-07-01,1396.0,1400.0,1394.0,1397.0,3300.0
2010-07-02,1397.0,1400.0,1396.0,1396.0,7400.0
2010-07-05,1409.0,1409.0,1400.0,1400.0,2700.0
2010-07-06,1400.0,1401.0,1397.0,1401.0,1000.0
2010-07-07,1400.0,1401.0,1395.0,1397.0,4400.0
2010-07-08,1401.0,1403.0,1399.0,1400.0,7700.0
2010-07-09,1415.0,1415.0,1400.0,1400.0,3800.0
2010-07-12,1405.0,1410.0,1403.0,1407.0,1800.0
2010-07-13,1408.0,1408.0,1400.0,1401.0,5000.0
2010-07-14,1405.0,1418.0,1404.0,1418.0,1800.0
2010-07-15,1406.0,1411.0,1405.0,1411.0,400.0
2010-07-16,1409.0,1410.0,1402.0,1410.0,2000.0
2010-07-20,1410.0,1410.0,1396.0,1396.0,3600.0
2010-07-21,1400.0,1403.0,1396.0,1400.0,3000.0
2010-07-22,1398.0,1403.0,1396.0,1400.0,4500.0
2010-07-23,1400.0,1400.0,1395.0,1397.0,7700.0
2010-07-26,1398.0,1400.0,1398.0,1400.0,6500.0
2010-07-27,1430.0,1455.0,1430.0,1430.0,18300.0
2010-07-28,1440.0,1445.0,1435.0,1441.0,9700.0
2010-07-29,1443.0,1450.0,1440.0,1440.0,9800.0
2010-07-30,1475.0,1475.0,1436.0,1440.0,22600.0
2010-08-02,1450.0,1450.0,1425.0,1425.0,10000.0
2010-08-03,1431.0,1431.0,1415.0,1415.0,15200.0
2010-08-04,1417.0,1419.0,1412.0,1416.0,14100.0
2010-08-05,1416.0,1419.0,1411.0,1419.0,15600.0
2010-08-06,1419.0,1420.0,1407.0,1412.0,11000.0
2010-08-09,1412.0,1421.0,1412.0,1413.0,2900.0
2010-08-10,1415.0,1416.0,1413.0,1413.0,5700.0
2010-08-11,1420.0,1420.0,1413.0,1413.0,3900.0
2010-08-12,1413.0,1415.0,1413.0,1413.0,3300.0
2010-08-13,1413.0,1413.0,1403.0,1412.0,3700.0
2010-08-16,1410.0,1410.0,1404.0,1406.0,1500.0
2010-08-17,1417.0,1417.0,1402.0,1410.0,2800.0
2010-08-18,1405.0,1409.0,1405.0,1409.0,2400.0
2010-08-19,1417.0,1422.0,1409.0,1419.0,3200.0
2010-08-20,1419.0,1420.0,1414.0,1419.0,5000.0
2010-08-23,1419.0,1430.0,1400.0,1409.0,9600.0
2010-08-24,1409.0,1415.0,1401.0,1401.0,4000.0
2010-08-25,1409.0,1409.0,1397.0,1397.0,4100.0
2010-08-26,1440.0,1440.0,1395.0,1405.0,7100.0
2010-08-27,1404.0,1404.0,1400.0,1400.0,3000.0
2010-08-30,1421.0,1421.0,1415.0,1416.0,1800.0
2010-08-31,1418.0,1432.0,1416.0,1426.0,13600.0
2010-09-01,1426.0,1429.0,1419.0,1419.0,3700.0
2010-09-02,1419.0,1421.0,1419.0,1420.0,3500.0
2010-09-03,1420.0,1429.0,1420.0,1420.0,1800.0
2010-09-06,1431.0,1431.0,1420.0,1420.0,4400.0
2010-09-07,1430.0,1444.0,1428.0,1444.0,1300.0
2010-09-08,1442.0,1442.0,1430.0,1438.0,500.0
2010-09-09,1438.0,1438.0,1426.0,1436.0,800.0
2010-09-10,1440.0,1440.0,1425.0,1425.0,1300.0
2010-09-13,1425.0,1447.0,1425.0,1436.0,3200.0
2010-09-14,1443.0,1443.0,1430.0,1432.0,3900.0
2010-09-15,1440.0,1440.0,1427.0,1430.0,12500.0
2010-09-16,1425.0,1426.0,1423.0,1425.0,29000.0
2010-09-17,1439.0,1443.0,1439.0,1442.0,3100.0
2010-09-21,1446.0,1451.0,1440.0,1449.0,19200.0
2010-09-22,1450.0,1450.0,1447.0,1450.0,3700.0
2010-09-24,1450.0,1450.0,1436.0,1446.0,6300.0
2010-09-27,1450.0,1459.0,1440.0,1459.0,9900.0
2010-09-28,1470.0,1480.0,1462.0,1480.0,20500.0
2010-09-29,1490.0,1490.0,1465.0,1471.0,14800.0
2010-09-30,1484.0,1484.0,1456.0,1461.0,14000.0
2010-10-01,1460.0,1460.0,1446.0,1448.0,6100.0
2010-10-04,1458.0,1458.0,1427.0,1429.0,14100.0
2010-10-05,1425.0,1428.0,1422.0,1428.0,1100.0
2010-10-06,1430.0,1435.0,1428.0,1430.0,22700.0
2010-10-07,1430.0,1431.0,1426.0,1430.0,13200.0
2010-10-08,1423.0,1423.0,1417.0,1418.0,6800.0
2010-10-12,1418.0,1418.0,1411.0,1415.0,4800.0
2010-10-13,1415.0,1415.0,1410.0,1411.0,2100.0
2010-10-14,1411.0,1416.0,1411.0,1415.0,5600.0
2010-10-15,1414.0,1415.0,1411.0,1411.0,4000.0
2010-10-18,1414.0,1414.0,1410.0,1410.0,600.0
2010-10-19,1408.0,1411.0,1405.0,1405.0,3600.0
2010-10-20,1405.0,1405.0,1396.0,1400.0,10400.0
2010-10-21,1398.0,1400.0,1396.0,1396.0,2000.0
2010-10-22,1396.0,1408.0,1396.0,1400.0,60100.0
2010-10-25,1400.0,1405.0,1397.0,1400.0,5200.0
2010-10-26,1398.0,1400.0,1398.0,1400.0,3300.0
2010-10-27,1400.0,1421.0,1400.0,1421.0,5800.0
2010-10-28,1421.0,1421.0,1401.0,1411.0,3000.0
2010-10-29,1411.0,1411.0,1402.0,1406.0,3200.0
2010-11-01,1420.0,1420.0,1399.0,1399.0,10300.0
2010-11-02,1408.0,1408.0,1399.0,1404.0,116900.0
2010-11-04,1413.0,1414.0,1406.0,1412.0,1400.0
2010-11-05,1419.0,1420.0,1415.0,1420.0,6400.0
2010-11-08,1420.0,1427.0,1419.0,1420.0,10900.0
2010-11-09,1447.0,1447.0,1419.0,1419.0,11600.0
2010-11-10,1420.0,1420.0,1416.0,1416.0,4800.0
2010-11-11,1416.0,1420.0,1414.0,1414.0,6400.0
2010-11-12,1414.0,1429.0,1414.0,1423.0,3300.0
2010-11-15,1423.0,1433.0,1423.0,1433.0,1600.0
2010-11-16,1439.0,1440.0,1433.0,1433.0,1300.0
2010-11-17,1433.0,1433.0,1425.0,1426.0,3000.0
2010-11-18,1427.0,1480.0,1425.0,1427.0,16100.0
2010-11-19,1443.0,1443.0,1430.0,1431.0,5000.0
2010-11-22,1447.0,1470.0,1438.0,1470.0,6700.0
2010-11-24,1454.0,1460.0,1449.0,1452.0,3000.0
2010-11-25,1453.0,1460.0,1447.0,1455.0,7700.0
2010-11-26,1455.0,1459.0,1443.0,1455.0,5400.0
2010-11-29,1455.0,1460.0,1452.0,1460.0,5700.0
2010-11-30,1464.0,1465.0,1447.0,1447.0,7700.0
2010-12-01,1447.0,1450.0,1436.0,1443.0,4700.0
2010-12-02,1444.0,1455.0,1444.0,1455.0,3100.0
2010-12-03,1457.0,1464.0,1457.0,1463.0,1500.0
2010-12-06,1468.0,1468.0,1460.0,1461.0,1900.0
2010-12-07,1464.0,1469.0,1463.0,1468.0,1200.0
2010-12-08,1468.0,1470.0,1468.0,1468.0,1600.0
2010-12-09,1474.0,1483.0,1473.0,1483.0,5800.0
2010-12-10,1485.0,1492.0,1483.0,1485.0,7600.0
2010-12-13,1493.0,1493.0,1484.0,1492.0,1700.0
2010-12-14,1496.0,1505.0,1494.0,1498.0,5600.0
2010-12-15,1500.0,1527.0,1498.0,1515.0,6700.0
2010-12-16,1506.0,1514.0,1503.0,1508.0,6200.0
2010-12-17,1532.0,1550.0,1523.0,1530.0,7600.0
2010-12-20,1530.0,1549.0,1530.0,1549.0,4600.0
2010-12-21,1550.0,1550.0,1540.0,1543.0,4700.0
2010-12-22,1543.0,1549.0,1538.0,1542.0,8200.0
2010-12-24,1539.0,1539.0,1523.0,1523.0,8000.0
2010-12-27,1523.0,1529.0,1523.0,1523.0,1600.0
2010-12-28,1529.0,1549.0,1526.0,1549.0,3200.0
2010-12-29,1540.0,1571.0,1540.0,1571.0,3400.0
2010-12-30,1587.0,1587.0,1560.0,1571.0,3600.0
2011-01-04,1580.0,1590.0,1571.0,1580.0,3100.0
2011-01-05,1590.0,1590.0,1570.0,1585.0,4800.0
2011-01-06,1590.0,1609.0,1590.0,1600.0,6500.0
2011-01-07,1611.0,1620.0,1610.0,1620.0,3600.0
2011-01-11,1647.0,1649.0,1639.0,1649.0,6800.0
2011-01-12,1648.0,1649.0,1635.0,1640.0,10000.0
2011-01-13,1640.0,1648.0,1640.0,1645.0,5700.0
2011-01-14,1645.0,1666.0,1644.0,1655.0,9900.0
2011-01-17,1669.0,1674.0,1645.0,1650.0,5300.0
2011-01-18,1654.0,1657.0,1641.0,1645.0,3100.0
2011-01-19,1640.0,1640.0,1622.0,1630.0,2800.0
2011-01-20,1621.0,1628.0,1618.0,1618.0,2700.0
2011-01-21,1625.0,1625.0,1591.0,1614.0,7200.0
2011-01-24,1600.0,1619.0,1590.0,1616.0,2300.0
2011-01-25,1610.0,1624.0,1603.0,1616.0,2300.0
2011-01-26,2016.0,2016.0,1828.0,1860.0,169300.0
2011-01-27,1900.0,1902.0,1870.0,1880.0,35300.0
2011-01-28,1861.0,1876.0,1790.0,1830.0,40500.0
2011-01-31,1831.0,1880.0,1802.0,1878.0,19500.0
2011-02-01,1877.0,1877.0,1855.0,1875.0,7500.0
2011-02-02,1880.0,1930.0,1871.0,1910.0,27900.0
2011-02-03,1911.0,1995.0,1911.0,1953.0,27300.0
2011-02-04,1933.0,1970.0,1933.0,1950.0,23500.0
2011-02-07,1970.0,1989.0,1960.0,1960.0,14300.0
2011-02-08,1969.0,1969.0,1934.0,1941.0,13000.0
2011-02-09,1935.0,1940.0,1923.0,1940.0,11300.0
2011-02-10,1950.0,1950.0,1910.0,1913.0,16800.0
2011-02-14,1915.0,1920.0,1905.0,1920.0,4700.0
2011-02-15,1930.0,1930.0,1912.0,1920.0,4500.0
2011-02-16,1920.0,1920.0,1900.0,1907.0,8400.0
2011-02-17,1906.0,1930.0,1901.0,1901.0,9500.0
2011-02-18,1927.0,1927.0,1904.0,1908.0,6700.0
2011-02-21,1915.0,1925.0,1912.0,1920.0,8500.0
2011-02-22,1920.0,1920.0,1891.0,1903.0,14200.0
2011-02-23,1900.0,1940.0,1898.0,1920.0,37000.0
2011-02-24,1918.0,1925.0,1904.0,1920.0,7300.0
2011-02-25,1915.0,1927.0,1908.0,1927.0,14900.0
2011-02-28,1927.0,1950.0,1927.0,1945.0,13900.0
2011-03-01,1940.0,1946.0,1937.0,1940.0,17200.0
2011-03-02,1940.0,1948.0,1938.0,1946.0,7700.0
2011-03-03,1945.0,1945.0,1940.0,1944.0,6500.0
2011-03-04,1949.0,1949.0,1940.0,1947.0,8500.0
2011-03-07,1950.0,1963.0,1948.0,1950.0,15600.0
2011-03-08,1964.0,1964.0,1951.0,1951.0,6600.0
2011-03-09,1949.0,1949.0,1923.0,1941.0,13100.0
2011-03-10,1944.0,1944.0,1892.0,1892.0,16200.0
2011-03-11,1877.0,1917.0,1871.0,1888.0,9800.0
2011-03-14,1493.0,1729.0,1492.0,1669.0,48100.0
2011-03-15,1640.0,1640.0,1389.0,1440.0,53200.0
2011-03-16,1470.0,1719.0,1470.0,1585.0,49500.0
2011-03-17,1571.0,1680.0,1540.0,1680.0,20000.0
2011-03-18,1695.0,1800.0,1695.0,1770.0,19900.0
2011-03-22,1790.0,1809.0,1768.0,1809.0,33500.0
2011-03-23,1800.0,1847.0,1795.0,1847.0,10100.0
2011-03-24,1847.0,1847.0,1821.0,1821.0,7300.0
2011-03-25,1822.0,1834.0,1821.0,1830.0,5500.0
2011-03-28,1835.0,1835.0,1820.0,1835.0,14200.0
2011-03-29,1705.0,1749.0,1705.0,1746.0,13200.0
2011-03-30,1744.0,1744.0,1695.0,1718.0,7900.0
2011-03-31,1730.0,1730.0,1701.0,1720.0,4400.0
2011-04-01,1705.0,1725.0,1705.0,1725.0,6000.0
2011-04-04,1720.0,1720.0,1700.0,1706.0,7300.0
2011-04-05,1701.0,1705.0,1680.0,1680.0,4000.0
2011-04-06,1673.0,1673.0,1624.0,1633.0,6000.0
2011-04-07,1630.0,1631.0,1601.0,1618.0,6100.0
2011-04-08,1602.0,1632.0,1602.0,1632.0,3300.0
2011-04-11,1643.0,1653.0,1635.0,1650.0,1800.0
2011-04-12,1650.0,1662.0,1643.0,1643.0,2000.0
2011-04-13,1640.0,1643.0,1630.0,1636.0,1200.0
2011-04-14,1649.0,1665.0,1648.0,1660.0,1500.0
2011-04-15,1671.0,1678.0,1670.0,1670.0,2300.0
2011-04-18,1666.0,1681.0,1664.0,1678.0,2800.0
2011-04-19,1645.0,1650.0,1640.0,1650.0,2900.0
2011-04-20,1653.0,1658.0,1635.0,1658.0,3600.0
2011-04-21,1637.0,1680.0,1637.0,1651.0,5800.0
2011-04-22,1651.0,1660.0,1645.0,1660.0,1200.0
2011-04-25,1660.0,1667.0,1630.0,1660.0,4700.0
2011-04-26,1641.0,1659.0,1640.0,1650.0,2600.0
2011-04-27,1639.0,1642.0,1620.0,1625.0,2300.0
2011-04-28,1640.0,1659.0,1633.0,1646.0,3900.0
2011-05-02,1652.0,1666.0,1631.0,1666.0,3500.0
2011-05-06,1668.0,1680.0,1651.0,1680.0,2900.0
2011-05-09,1681.0,1690.0,1666.0,1666.0,4900.0
2011-05-10,1666.0,1679.0,1664.0,1672.0,2800.0
2011-05-11,1670.0,1700.0,1670.0,1689.0,7700.0
2011-05-12,1674.0,1710.0,1674.0,1710.0,6300.0
2011-05-13,1599.0,1642.0,1581.0,1637.0,27400.0
2011-05-16,1606.0,1630.0,1602.0,1615.0,7700.0
2011-05-17,1620.0,1628.0,1611.0,1617.0,4100.0
2011-05-18,1617.0,1631.0,1615.0,1631.0,5400.0
2011-05-19,1621.0,1627.0,1618.0,1620.0,4500.0
2011-05-20,1620.0,1623.0,1600.0,1622.0,5800.0
2011-05-23,1630.0,1630.0,1620.0,1620.0,6000.0
2011-05-24,1606.0,1628.0,1606.0,1615.0,8700.0
2011-05-25,1615.0,1630.0,1615.0,1630.0,5100.0
2011-05-26,1625.0,1650.0,1620.0,1646.0,11000.0
2011-05-27,1641.0,1646.0,1616.0,1630.0,2500.0
2011-05-30,1630.0,1640.0,1630.0,1639.0,1400.0
2011-05-31,1650.0,1650.0,1630.0,1630.0,1500.0
2011-06-01,1623.0,1639.0,1623.0,1635.0,2900.0
2011-06-02,1635.0,1635.0,1620.0,1620.0,1000.0
2011-06-03,1620.0,1620.0,1610.0,1620.0,700.0
2011-06-06,1620.0,1626.0,1615.0,1623.0,1700.0
2011-06-07,1623.0,1629.0,1623.0,1623.0,1600.0
2011-06-08,1623.0,1630.0,1613.0,1630.0,2100.0
2011-06-09,1630.0,1631.0,1613.0,1622.0,2800.0
2011-06-10,1627.0,1633.0,1625.0,1630.0,4600.0
2011-06-13,1620.0,1629.0,1615.0,1624.0,5000.0
2011-06-14,1620.0,1640.0,1620.0,1631.0,12200.0
2011-06-15,1630.0,1635.0,1624.0,1630.0,6900.0
2011-06-16,1620.0,1625.0,1611.0,1613.0,7800.0
2011-06-17,1620.0,1635.0,1620.0,1630.0,7900.0
2011-06-20,1630.0,1630.0,1610.0,1611.0,4900.0
2011-06-21,1619.0,1631.0,1615.0,1621.0,7100.0
2011-06-22,1621.0,1639.0,1621.0,1631.0,13600.0
2011-06-23,1630.0,1634.0,1625.0,1634.0,6700.0
2011-06-24,1638.0,1660.0,1638.0,1650.0,5800.0
2011-06-27,1670.0,1670.0,1651.0,1656.0,1900.0
2011-06-28,1656.0,1690.0,1656.0,1689.0,4800.0
2011-06-29,1695.0,1695.0,1685.0,1690.0,4500.0
2011-06-30,1693.0,1693.0,1653.0,1673.0,4000.0
2011-07-01,1670.0,1693.0,1669.0,1693.0,1900.0
2011-07-04,1694.0,1750.0,1694.0,1710.0,8800.0
2011-07-05,1693.0,1710.0,1692.0,1710.0,4100.0
2011-07-06,1717.0,1718.0,1705.0,1715.0,4000.0
2011-07-07,1719.0,1735.0,1717.0,1730.0,3300.0
2011-07-08,1740.0,1746.0,1705.0,1746.0,5400.0
2011-07-11,1746.0,1769.0,1746.0,1769.0,2400.0
2011-07-12,1763.0,1769.0,1750.0,1764.0,3500.0
2011-07-13,1750.0,1765.0,1750.0,1765.0,1100.0
2011-07-14,1760.0,1760.0,1730.0,1732.0,5100.0
2011-07-15,1725.0,1740.0,1725.0,1740.0,2000.0
2011-07-19,1718.0,1730.0,1703.0,1705.0,2600.0
2011-07-20,1711.0,1724.0,1711.0,1724.0,2200.0
2011-07-21,1724.0,1730.0,1718.0,1726.0,1400.0
2011-07-22,1723.0,1732.0,1721.0,1727.0,1200.0
2011-07-25,1726.0,1742.0,1726.0,1741.0,2500.0
2011-07-26,1751.0,1760.0,1745.0,1749.0,19800.0
2011-07-27,1750.0,1757.0,1721.0,1725.0,6800.0
2011-07-28,1720.0,1740.0,1720.0,1739.0,3800.0
2011-07-29,1755.0,1755.0,1725.0,1750.0,5900.0
2011-08-01,1760.0,1764.0,1742.0,1756.0,4000.0
2011-08-02,1747.0,1755.0,1732.0,1732.0,2700.0
2011-08-03,1701.0,1726.0,1681.0,1725.0,5400.0
2011-08-04,1702.0,1715.0,1702.0,1715.0,700.0
2011-08-05,1675.0,1699.0,1663.0,1698.0,5300.0
2011-08-08,1675.0,1675.0,1631.0,1669.0,6600.0
2011-08-09,1629.0,1660.0,1601.0,1648.0,10700.0
2011-08-10,1645.0,1645.0,1635.0,1637.0,16100.0
2011-08-11,1597.0,1628.0,1595.0,1628.0,5800.0
2011-08-12,1629.0,1635.0,1622.0,1631.0,2600.0
2011-08-15,1630.0,1640.0,1629.0,1630.0,2600.0
2011-08-16,1648.0,1648.0,1631.0,1640.0,1900.0
2011-08-17,1635.0,1640.0,1635.0,1640.0,1100.0
2011-08-18,1640.0,1642.0,1630.0,1642.0,3600.0
2011-08-19,1630.0,1645.0,1626.0,1630.0,2200.0
2011-08-22,1630.0,1630.0,1616.0,1616.0,1300.0
2011-08-23,1612.0,1616.0,1609.0,1615.0,2200.0
2011-08-24,1620.0,1620.0,1615.0,1615.0,1100.0
2011-08-25,1615.0,1620.0,1610.0,1620.0,3000.0
2011-08-26,1620.0,1625.0,1609.0,1609.0,5800.0
2011-08-29,1617.0,1621.0,1615.0,1620.0,12900.0
2011-08-30,1625.0,1655.0,1625.0,1655.0,2500.0
2011-08-31,1655.0,1690.0,1639.0,1653.0,2500.0
2011-09-01,1639.0,1752.0,1637.0,1752.0,11600.0
2011-09-02,1740.0,1740.0,1702.0,1720.0,5800.0
2011-09-05,1720.0,1720.0,1677.0,1710.0,600.0
2011-09-06,1700.0,1710.0,1670.0,1670.0,4300.0
2011-09-07,1668.0,1675.0,1668.0,1675.0,700.0
2011-09-08,1675.0,1675.0,1663.0,1671.0,2600.0
2011-09-09,1661.0,1669.0,1660.0,1669.0,800.0
2011-09-12,1669.0,1669.0,1637.0,1643.0,4300.0
2011-09-13,1643.0,1650.0,1643.0,1649.0,1500.0
2011-09-14,1640.0,1650.0,1639.0,1642.0,1600.0
2011-09-15,1640.0,1657.0,1636.0,1646.0,2500.0
2011-09-16,1646.0,1646.0,1621.0,1624.0,18600.0
2011-09-20,1625.0,1645.0,1624.0,1632.0,4500.0
2011-09-21,1617.0,1617.0,1600.0,1607.0,15300.0
2011-09-22,1604.0,1610.0,1601.0,1610.0,1200.0
2011-09-26,1601.0,1626.0,1601.0,1605.0,2600.0
2011-09-27,1627.0,1627.0,1606.0,1617.0,4000.0
2011-09-28,1622.0,1628.0,1609.0,1609.0,2200.0
2011-09-29,1604.0,1615.0,1604.0,1614.0,1000.0
2011-09-30,1631.0,1631.0,1615.0,1622.0,4500.0
2011-10-03,1620.0,1620.0,1606.0,1609.0,3400.0
2011-10-04,1606.0,1608.0,1604.0,1608.0,2200.0
2011-10-05,1608.0,1624.0,1608.0,1615.0,3600.0
2011-10-06,1615.0,1627.0,1615.0,1627.0,2900.0
2011-10-07,1627.0,1630.0,1618.0,1618.0,2200.0
2011-10-11,1620.0,1630.0,1615.0,1627.0,2700.0
2011-10-12,1624.0,1630.0,1616.0,1622.0,3300.0
2011-10-13,1617.0,1622.0,1617.0,1622.0,2300.0
2011-10-14,1620.0,1624.0,1620.0,1624.0,6100.0
2011-10-17,1623.0,1624.0,1622.0,1623.0,4700.0
2011-10-18,1631.0,1631.0,1623.0,1624.0,9500.0
2011-10-19,1624.0,1632.0,1624.0,1631.0,1600.0
2011-10-20,1631.0,1637.0,1629.0,1637.0,1800.0
2011-10-21,1637.0,1646.0,1637.0,1640.0,1900.0
2011-10-24,1649.0,1650.0,1641.0,1650.0,1800.0
2011-10-25,1660.0,1663.0,1655.0,1663.0,5500.0
2011-10-26,1720.0,1747.0,1698.0,1708.0,15400.0
2011-10-27,1700.0,1720.0,1691.0,1720.0,4700.0
2011-10-28,1705.0,1729.0,1705.0,1729.0,4500.0
2011-10-31,1739.0,1739.0,1720.0,1729.0,2100.0
2011-11-01,1729.0,1730.0,1720.0,1724.0,1300.0
2011-11-02,1715.0,1715.0,1680.0,1700.0,1300.0
2011-11-04,1671.0,1715.0,1671.0,1715.0,1700.0
2011-11-07,1700.0,1714.0,1680.0,1690.0,600.0
2011-11-08,1690.0,1690.0,1678.0,1678.0,3000.0
2011-11-09,1651.0,1659.0,1650.0,1650.0,7600.0
2011-11-10,1635.0,1649.0,1633.0,1649.0,3300.0
2011-11-11,1641.0,1650.0,1640.0,1650.0,4600.0
2011-11-14,1655.0,1665.0,1650.0,1655.0,3900.0
2011-11-15,1660.0,1670.0,1659.0,1665.0,1500.0
2011-11-16,1670.0,1690.0,1661.0,1675.0,3500.0
2011-11-17,1674.0,1689.0,1654.0,1680.0,2800.0
2011-11-18,1680.0,1680.0,1655.0,1675.0,7000.0
2011-11-21,1675.0,1680.0,1651.0,1651.0,3400.0
2011-11-22,1652.0,1665.0,1650.0,1656.0,2500.0
2011-11-24,1656.0,1660.0,1650.0,1650.0,2700.0
2011-11-25,1650.0,1658.0,1650.0,1658.0,3000.0
2011-11-28,1658.0,1666.0,1658.0,1666.0,300.0
2011-11-29,1673.0,1680.0,1666.0,1680.0,2900.0
2011-11-30,1696.0,1700.0,1680.0,1700.0,3400.0
2011-12-01,1713.0,1713.0,1671.0,1698.0,6000.0
2011-12-02,1698.0,1698.0,1698.0,1698.0,800.0
2011-12-05,1700.0,1705.0,1700.0,1700.0,5400.0
2011-12-06,1700.0,1705.0,1700.0,1700.0,5500.0
2011-12-07,1700.0,1710.0,1700.0,1705.0,5000.0
2011-12-08,1700.0,1711.0,1700.0,1710.0,8900.0
2011-12-09,1710.0,1712.0,1700.0,1712.0,5900.0
2011-12-12,1725.0,1728.0,1720.0,1722.0,4100.0
2011-12-13,1722.0,1739.0,1722.0,1739.0,4600.0
2011-12-14,1739.0,1739.0,1720.0,1729.0,12200.0
2011-12-15,1730.0,1730.0,1705.0,1710.0,6200.0
2011-12-16,1710.0,1720.0,1710.0,1718.0,2300.0
2011-12-19,1730.0,1730.0,1721.0,1728.0,3700.0
2011-12-20,1728.0,1754.0,1725.0,1750.0,8900.0
2011-12-21,1749.0,1750.0,1745.0,1746.0,3700.0
2011-12-22,1745.0,1745.0,1708.0,1708.0,17500.0
2011-12-26,1720.0,1720.0,1699.0,1720.0,37700.0
2011-12-27,1710.0,1725.0,1700.0,1725.0,4800.0
2011-12-28,1725.0,1737.0,1725.0,1737.0,4100.0
2011-12-29,1726.0,1739.0,1726.0,1737.0,2000.0
2011-12-30,1745.0,1746.0,1730.0,1740.0,2500.0
2012-01-04,1744.0,1751.0,1740.0,1746.0,8700.0
2012-01-05,1749.0,1749.0,1730.0,1740.0,7200.0
2012-01-06,1730.0,1739.0,1727.0,1731.0,4600.0
2012-01-10,1737.0,1740.0,1736.0,1736.0,2200.0
2012-01-11,1736.0,1740.0,1725.0,1731.0,7600.0
2012-01-12,1728.0,1735.0,1728.0,1735.0,9700.0
2012-01-13,1734.0,1736.0,1733.0,1733.0,10000.0
2012-01-16,1734.0,1735.0,1730.0,1733.0,15500.0
2012-01-17,1733.0,1765.0,1733.0,1765.0,4700.0
2012-01-18,1746.0,1770.0,1746.0,1755.0,5100.0
2012-01-19,1778.0,1778.0,1759.0,1759.0,5500.0
2012-01-20,1759.0,1790.0,1759.0,1775.0,7100.0
2012-01-23,1770.0,1825.0,1770.0,1825.0,11700.0
2012-01-24,1812.0,1812.0,1788.0,1790.0,5000.0
2012-01-25,1781.0,1810.0,1781.0,1801.0,9100.0
2012-01-26,1800.0,1806.0,1799.0,1800.0,9300.0
2012-01-27,1800.0,1823.0,1799.0,1805.0,12000.0
2012-01-30,1810.0,1835.0,1810.0,1826.0,12600.0
2012-01-31,1812.0,1848.0,1809.0,1840.0,17600.0
2012-02-01,1840.0,1840.0,1817.0,1824.0,6100.0
2012-02-02,1825.0,1827.0,1821.0,1825.0,6500.0
2012-02-03,1822.0,1831.0,1822.0,1825.0,2800.0
2012-02-06,1830.0,1830.0,1821.0,1824.0,8700.0
2012-02-07,1820.0,1832.0,1820.0,1830.0,3500.0
2012-02-08,1830.0,1840.0,1824.0,1836.0,6200.0
2012-02-09,1840.0,1841.0,1836.0,1836.0,20300.0
2012-02-10,1836.0,1836.0,1826.0,1827.0,2300.0
2012-02-13,1826.0,1827.0,1805.0,1812.0,8100.0
2012-02-14,1810.0,1824.0,1810.0,1821.0,5700.0
2012-02-15,1821.0,1835.0,1821.0,1825.0,6700.0
2012-02-16,1835.0,1840.0,1835.0,1835.0,4600.0
2012-02-17,1830.0,1834.0,1815.0,1823.0,8400.0
2012-02-20,1849.0,1850.0,1820.0,1820.0,13600.0
2012-02-21,1835.0,1840.0,1830.0,1833.0,3100.0
2012-02-22,1835.0,1850.0,1835.0,1845.0,6600.0
2012-02-23,1860.0,1877.0,1858.0,1877.0,16600.0
2012-02-24,1878.0,1888.0,1874.0,1887.0,6700.0
2012-02-27,1899.0,1900.0,1872.0,1884.0,17700.0
2012-02-28,1888.0,1899.0,1885.0,1899.0,6500.0
2012-02-29,1897.0,1900.0,1896.0,1896.0,7200.0
2012-03-01,1896.0,1905.0,1891.0,1891.0,5600.0
2012-03-02,1891.0,1899.0,1890.0,1899.0,4300.0
2012-03-05,1900.0,1907.0,1899.0,1907.0,9500.0
2012-03-06,1911.0,1916.0,1906.0,1908.0,10700.0
2012-03-07,1900.0,1900.0,1871.0,1875.0,13800.0
2012-03-08,1888.0,1908.0,1888.0,1894.0,9200.0
2012-03-09,1900.0,1908.0,1894.0,1899.0,9100.0
2012-03-12,1910.0,1920.0,1891.0,1910.0,22600.0
2012-03-13,1925.0,1926.0,1908.0,1919.0,7800.0
2012-03-14,1925.0,1925.0,1910.0,1915.0,12600.0
2012-03-15,1917.0,1925.0,1895.0,1914.0,26800.0
2012-03-16,1914.0,1915.0,1903.0,1908.0,8200.0
2012-03-19,1909.0,1919.0,1900.0,1902.0,17500.0
2012-03-21,1907.0,1920.0,1907.0,1914.0,9600.0
2012-03-22,1918.0,1932.0,1918.0,1928.0,20100.0
2012-03-23,2040.0,2115.0,2020.0,2114.0,165200.0
2012-03-26,2070.0,2103.0,2070.0,2076.0,47500.0
2012-03-27,2090.0,2090.0,2002.0,2038.0,49500.0
2012-03-28,1930.0,1987.0,1921.0,1980.0,38200.0
2012-03-29,1962.0,1970.0,1944.0,1955.0,18500.0
2012-03-30,1949.0,1961.0,1942.0,1961.0,9400.0
2012-04-02,1965.0,1998.0,1965.0,1998.0,13200.0
2012-04-03,1998.0,2020.0,1985.0,2018.0,17900.0
2012-04-04,2015.0,2035.0,1985.0,2000.0,16800.0
2012-04-05,1972.0,2010.0,1970.0,2006.0,10000.0
2012-04-06,1990.0,2019.0,1990.0,2011.0,15500.0
2012-04-09,2010.0,2010.0,1983.0,2000.0,19800.0
2012-04-10,2000.0,2014.0,1991.0,2014.0,13700.0
2012-04-11,2000.0,2010.0,1970.0,1976.0,28100.0
2012-04-12,2000.0,2010.0,1990.0,2002.0,8400.0
2012-04-13,2010.0,2014.0,1991.0,2011.0,10300.0
2012-04-16,2007.0,2010.0,1994.0,1994.0,5100.0
2012-04-17,1994.0,2014.0,1982.0,2005.0,17900.0
2012-04-18,2005.0,2010.0,1992.0,1997.0,6300.0
2012-04-19,2004.0,2010.0,1975.0,1976.0,9500.0
2012-04-20,1976.0,1993.0,1975.0,1976.0,5100.0
2012-04-23,1976.0,1979.0,1944.0,1950.0,10900.0
2012-04-24,1945.0,1950.0,1912.0,1922.0,15000.0
2012-04-25,1915.0,1935.0,1906.0,1930.0,22300.0
2012-04-26,1918.0,1931.0,1913.0,1931.0,12700.0
2012-04-27,1931.0,1938.0,1903.0,1903.0,9800.0
2012-05-01,1905.0,1907.0,1885.0,1885.0,11600.0
2012-05-02,1890.0,1895.0,1889.0,1891.0,11200.0
2012-05-07,1888.0,1888.0,1824.0,1824.0,37100.0
2012-05-08,1850.0,1850.0,1822.0,1840.0,18600.0
2012-05-09,1826.0,1844.0,1803.0,1837.0,13100.0
2012-05-10,1820.0,1835.0,1820.0,1825.0,6900.0
2012-05-11,1822.0,1850.0,1765.0,1765.0,25300.0
2012-05-14,1780.0,1793.0,1771.0,1780.0,18100.0
2012-05-15,1660.0,1720.0,1640.0,1691.0,121000.0
2012-05-16,1652.0,1693.0,1652.0,1678.0,19200.0
2012-05-17,1691.0,1700.0,1685.0,1698.0,14300.0
2012-05-18,1690.0,1691.0,1661.0,1680.0,6400.0
2012-05-21,1694.0,1708.0,1690.0,1706.0,8000.0
2012-05-22,1710.0,1718.0,1697.0,1697.0,8300.0
2012-05-23,1700.0,1706.0,1692.0,1697.0,15800.0
2012-05-24,1690.0,1704.0,1661.0,1700.0,7500.0
2012-05-25,1697.0,1699.0,1668.0,1680.0,4600.0
2012-05-28,1675.0,1678.0,1671.0,1674.0,5800.0
2012-05-29,1671.0,1680.0,1668.0,1680.0,6400.0
2012-05-30,1697.0,1714.0,1685.0,1713.0,8200.0
2012-05-31,1713.0,1715.0,1706.0,1715.0,2600.0
2012-06-01,1710.0,1715.0,1701.0,1705.0,3300.0
2012-06-04,1672.0,1693.0,1640.0,1693.0,36400.0
2012-06-05,1679.0,1692.0,1678.0,1682.0,3400.0
2012-06-06,1682.0,1693.0,1682.0,1690.0,6900.0
2012-06-07,1700.0,1704.0,1688.0,1689.0,22900.0
2012-06-08,1690.0,1692.0,1681.0,1681.0,7700.0
2012-06-11,1685.0,1695.0,1685.0,1691.0,2600.0
2012-06-12,1690.0,1695.0,1682.0,1682.0,7100.0
2012-06-13,1686.0,1710.0,1686.0,1694.0,2900.0
2012-06-14,1694.0,1739.0,1694.0,1735.0,6000.0
2012-06-15,1735.0,1740.0,1715.0,1715.0,4300.0
2012-06-18,1715.0,1733.0,1715.0,1722.0,3300.0
2012-06-19,1722.0,1722.0,1715.0,1716.0,2200.0
2012-06-20,1715.0,1722.0,1714.0,1719.0,1500.0
2012-06-21,1719.0,1727.0,1716.0,1717.0,4400.0
2012-06-22,1721.0,1780.0,1720.0,1748.0,24600.0
2012-06-25,1788.0,1788.0,1778.0,1783.0,14000.0
2012-06-26,1769.0,1850.0,1769.0,1848.0,8500.0
2012-06-27,1812.0,1860.0,1795.0,1850.0,9600.0
2012-06-28,1834.0,1834.0,1790.0,1828.0,6200.0
2012-06-29,1828.0,1828.0,1800.0,1804.0,2300.0
2012-07-02,1807.0,1808.0,1780.0,1786.0,7000.0
2012-07-03,1797.0,1801.0,1791.0,1800.0,5600.0
2012-07-04,1798.0,1802.0,1796.0,1799.0,2000.0
2012-07-05,1780.0,1785.0,1752.0,1756.0,7100.0
2012-07-06,1756.0,1758.0,1743.0,1743.0,5200.0
2012-07-09,1810.0,1810.0,1750.0,1755.0,2900.0
2012-07-10,1755.0,1767.0,1730.0,1748.0,7200.0
2012-07-11,1748.0,1785.0,1733.0,1766.0,3600.0
2012-07-12,1766.0,1794.0,1766.0,1773.0,6100.0
2012-07-13,1779.0,1779.0,1740.0,1745.0,10900.0
2012-07-17,1738.0,1745.0,1737.0,1744.0,2500.0
2012-07-18,1741.0,1750.0,1740.0,1744.0,2400.0
2012-07-19,1750.0,1757.0,1750.0,1755.0,5200.0
2012-07-20,1768.0,1768.0,1751.0,1755.0,1700.0
2012-07-23,1760.0,1766.0,1755.0,1755.0,2700.0
2012-07-24,1756.0,1760.0,1751.0,1751.0,3600.0
2012-07-25,1767.0,1767.0,1750.0,1750.0,4400.0
2012-07-26,1750.0,1769.0,1750.0,1765.0,2700.0
2012-07-27,1791.0,1791.0,1772.0,1790.0,1900.0
2012-07-30,1791.0,1830.0,1764.0,1830.0,7600.0
2012-07-31,1810.0,1810.0,1700.0,1728.0,48100.0
2012-08-01,1710.0,1715.0,1695.0,1709.0,8900.0
2012-08-02,1710.0,1710.0,1698.0,1700.0,4200.0
2012-08-03,1697.0,1710.0,1697.0,1710.0,7500.0
2012-08-06,1714.0,1714.0,1700.0,1713.0,500.0
2012-08-07,1711.0,1713.0,1700.0,1713.0,1500.0
2012-08-08,1708.0,1708.0,1701.0,1701.0,900.0
2012-08-09,1702.0,1710.0,1702.0,1710.0,800.0
2012-08-10,1719.0,1719.0,1704.0,1705.0,700.0
2012-08-13,1710.0,1712.0,1701.0,1704.0,1500.0
2012-08-14,1702.0,1703.0,1700.0,1701.0,1700.0
2012-08-15,1703.0,1719.0,1699.0,1703.0,10300.0
2012-08-16,1705.0,1709.0,1701.0,1702.0,2200.0
2012-08-17,1701.0,1705.0,1701.0,1704.0,1500.0
2012-08-20,1708.0,1708.0,1700.0,1700.0,4400.0
2012-08-21,1700.0,1708.0,1700.0,1700.0,14200.0
2012-08-22,1700.0,1703.0,1700.0,1700.0,2600.0
2012-08-23,1700.0,1701.0,1699.0,1699.0,4200.0
2012-08-24,1700.0,1701.0,1700.0,1701.0,5200.0
2012-08-27,1705.0,1705.0,1693.0,1695.0,9900.0
2012-08-28,1695.0,1695.0,1690.0,1690.0,7200.0
2012-08-29,1690.0,1700.0,1690.0,1700.0,11200.0
2012-08-30,1700.0,1702.0,1699.0,1702.0,6800.0
2012-08-31,1702.0,1703.0,1700.0,1700.0,6200.0
2012-09-03,1700.0,1705.0,1700.0,1701.0,2400.0
2012-09-04,1701.0,1703.0,1700.0,1701.0,4100.0
2012-09-05,1700.0,1701.0,1689.0,1690.0,10100.0
2012-09-06,1690.0,1694.0,1690.0,1691.0,5000.0
2012-09-07,1691.0,1702.0,1691.0,1701.0,5800.0
2012-09-10,1701.0,1705.0,1701.0,1703.0,1300.0
2012-09-11,1709.0,1709.0,1705.0,1708.0,3100.0
2012-09-12,1710.0,1712.0,1705.0,1712.0,4300.0
2012-09-13,1711.0,1719.0,1710.0,1716.0,4900.0
2012-09-14,1739.0,1741.0,1735.0,1740.0,4600.0
2012-09-18,1740.0,1740.0,1720.0,1720.0,1800.0
2012-09-19,1730.0,1730.0,1716.0,1725.0,3700.0
2012-09-20,1740.0,1775.0,1740.0,1775.0,5800.0
2012-09-21,1761.0,1782.0,1760.0,1780.0,9000.0
2012-09-24,1777.0,1777.0,1776.0,1777.0,5600.0
2012-09-25,1803.0,1810.0,1794.0,1797.0,20900.0
2012-09-26,1820.0,1850.0,1810.0,1810.0,21800.0
2012-09-27,1800.0,1831.0,1790.0,1828.0,7100.0
2012-09-28,1832.0,1840.0,1828.0,1840.0,8200.0
2012-10-01,1849.0,1875.0,1830.0,1875.0,9100.0
2012-10-02,1875.0,1885.0,1865.0,1875.0,5300.0
2012-10-03,1860.0,1875.0,1840.0,1870.0,8100.0
2012-10-04,1871.0,1871.0,1832.0,1840.0,4600.0
2012-10-05,1840.0,1850.0,1825.0,1850.0,4800.0
2012-10-09,1850.0,1860.0,1837.0,1837.0,3700.0
2012-10-10,1837.0,1838.0,1825.0,1825.0,6700.0
2012-10-11,1825.0,1826.0,1820.0,1820.0,1900.0
2012-10-12,1820.0,1835.0,1820.0,1835.0,1900.0
2012-10-15,1836.0,1836.0,1828.0,1833.0,2800.0
2012-10-16,1837.0,1839.0,1825.0,1839.0,3700.0
2012-10-17,1843.0,1847.0,1840.0,1847.0,2700.0
2012-10-18,1850.0,1865.0,1850.0,1850.0,6400.0
2012-10-19,1870.0,1870.0,1858.0,1860.0,2200.0
2012-10-22,1858.0,1870.0,1850.0,1865.0,1500.0
2012-10-23,1865.0,1865.0,1859.0,1859.0,2200.0
2012-10-24,1854.0,1870.0,1854.0,1870.0,2200.0
2012-10-25,1859.0,1870.0,1859.0,1861.0,2000.0
2012-10-26,1861.0,1861.0,1861.0,1861.0,600.0
2012-10-29,1861.0,1877.0,1850.0,1877.0,5700.0
2012-10-30,1908.0,1945.0,1876.0,1925.0,44100.0
2012-10-31,1925.0,1925.0,1902.0,1905.0,9500.0
2012-11-01,1905.0,1959.0,1905.0,1957.0,27000.0
2012-11-02,1950.0,1950.0,1925.0,1940.0,9600.0
2012-11-05,1940.0,1954.0,1940.0,1946.0,15900.0
2012-11-06,1946.0,1960.0,1945.0,1954.0,17100.0
2012-11-07,1954.0,1979.0,1950.0,1950.0,11100.0
2012-11-08,1950.0,1959.0,1918.0,1920.0,12700.0
2012-11-09,1949.0,1975.0,1949.0,1974.0,5000.0
2012-11-12,1974.0,2003.0,1974.0,1990.0,20500.0
2012-11-13,1990.0,1990.0,1977.0,1984.0,9800.0
2012-11-14,1959.0,1969.0,1959.0,1969.0,9700.0
2012-11-15,1985.0,2000.0,1969.0,1969.0,15100.0
2012-11-16,1996.0,2003.0,1976.0,1976.0,13200.0
2012-11-19,1978.0,2045.0,1976.0,2045.0,17600.0
2012-11-20,2045.0,2063.0,2043.0,2055.0,19400.0
2012-11-21,2055.0,2095.0,2055.0,2085.0,15200.0
2012-11-22,2085.0,2120.0,2085.0,2100.0,22900.0
2012-11-26,2100.0,2120.0,2080.0,2099.0,15200.0
2012-11-27,2099.0,2118.0,2099.0,2118.0,10700.0
2012-11-28,2121.0,2130.0,2113.0,2120.0,8400.0
2012-11-29,2116.0,2116.0,2099.0,2103.0,9500.0
2012-11-30,2110.0,2110.0,2098.0,2099.0,9800.0
2012-12-03,2115.0,2115.0,2098.0,2112.0,11200.0
2012-12-04,2100.0,2104.0,2098.0,2100.0,12000.0
2012-12-05,2100.0,2110.0,2099.0,2110.0,13800.0
2012-12-06,2100.0,2101.0,2098.0,2099.0,15500.0
2012-12-07,2099.0,2110.0,2098.0,2100.0,12800.0
2012-12-10,2100.0,2101.0,2082.0,2099.0,15300.0
2012-12-11,2098.0,2101.0,2098.0,2098.0,11200.0
2012-12-12,2100.0,2101.0,2000.0,2066.0,26200.0
2012-12-13,2069.0,2071.0,2015.0,2035.0,21300.0
2012-12-14,2035.0,2048.0,2006.0,2048.0,14300.0
2012-12-17,2099.0,2100.0,2051.0,2054.0,14400.0
2012-12-18,2049.0,2049.0,1979.0,2010.0,17500.0
2012-12-19,2011.0,2038.0,2011.0,2023.0,11700.0
2012-12-20,2045.0,2049.0,2021.0,2021.0,14300.0
2012-12-21,2021.0,2022.0,2010.0,2011.0,6500.0
2012-12-25,2011.0,2027.0,2011.0,2025.0,4500.0
2012-12-26,2021.0,2045.0,2021.0,2032.0,3200.0
2012-12-27,2032.0,2044.0,2032.0,2041.0,2000.0
2012-12-28,2045.0,2050.0,2029.0,2050.0,11300.0
2013-01-04,2039.0,2059.0,2039.0,2051.0,11100.0
2013-01-07,2060.0,2095.0,2060.0,2095.0,10800.0
2013-01-08,2096.0,2100.0,2081.0,2092.0,5100.0
2013-01-09,2100.0,2146.0,2092.0,2128.0,8000.0
2013-01-10,2130.0,2150.0,2110.0,2125.0,9700.0
2013-01-11,2130.0,2150.0,2130.0,2140.0,11000.0
2013-01-15,2145.0,2200.0,2145.0,2177.0,18400.0
2013-01-16,2198.0,2198.0,2167.0,2181.0,12600.0
2013-01-17,2175.0,2200.0,2175.0,2200.0,8800.0
2013-01-18,2205.0,2286.0,2205.0,2274.0,14900.0
2013-01-21,2275.0,2288.0,2255.0,2286.0,13900.0
2013-01-22,2300.0,2306.0,2276.0,2295.0,11500.0
2013-01-23,2295.0,2400.0,2276.0,2313.0,15500.0
2013-01-24,2315.0,2320.0,2280.0,2310.0,9900.0
2013-01-25,2280.0,2300.0,2255.0,2270.0,13400.0
2013-01-28,2270.0,2315.0,2260.0,2315.0,10200.0
2013-01-29,2315.0,2350.0,2291.0,2323.0,7500.0
2013-01-30,2323.0,2324.0,2286.0,2324.0,14900.0
2013-01-31,2324.0,2393.0,2316.0,2390.0,14800.0
2013-02-01,2300.0,2330.0,2235.0,2280.0,45500.0
2013-02-04,2270.0,2270.0,2212.0,2218.0,25200.0
2013-02-05,2200.0,2207.0,2198.0,2203.0,16000.0
2013-02-06,2200.0,2200.0,2155.0,2173.0,23800.0
2013-02-07,2170.0,2197.0,2170.0,2172.0,13700.0
2013-02-08,2170.0,2202.0,2163.0,2197.0,22100.0
2013-02-12,2200.0,2201.0,2197.0,2197.0,10000.0
2013-02-13,2196.0,2196.0,2161.0,2163.0,9800.0
2013-02-14,2170.0,2193.0,2161.0,2161.0,6400.0
2013-02-15,2184.0,2184.0,2139.0,2159.0,10500.0
2013-02-18,2186.0,2186.0,2162.0,2170.0,12400.0
2013-02-19,2179.0,2179.0,2164.0,2164.0,7400.0
2013-02-20,2165.0,2198.0,2165.0,2190.0,17300.0
2013-02-21,2190.0,2190.0,2176.0,2176.0,10400.0
2013-02-22,2180.0,2184.0,2178.0,2183.0,9800.0
2013-02-25,2185.0,2199.0,2184.0,2196.0,11900.0
2013-02-26,2184.0,2231.0,2183.0,2221.0,18600.0
2013-02-27,2222.0,2244.0,2210.0,2242.0,12600.0
2013-02-28,2255.0,2290.0,2255.0,2290.0,11500.0
2013-03-01,2289.0,2301.0,2278.0,2294.0,15300.0
2013-03-04,2300.0,2315.0,2300.0,2315.0,7300.0
2013-03-05,2360.0,2375.0,2325.0,2365.0,17000.0
2013-03-06,2398.0,2398.0,2371.0,2395.0,17600.0
2013-03-07,2398.0,2398.0,2380.0,2389.0,8400.0
2013-03-08,2400.0,2420.0,2389.0,2419.0,19300.0
2013-03-11,2450.0,2550.0,2450.0,2550.0,23700.0
2013-03-12,2590.0,2590.0,2418.0,2441.0,31800.0
2013-03-13,2414.0,2479.0,2408.0,2463.0,10600.0
2013-03-14,2463.0,2463.0,2450.0,2451.0,9600.0
2013-03-15,2460.0,2495.0,2454.0,2495.0,10400.0
2013-03-18,2490.0,2540.0,2480.0,2493.0,13600.0
2013-03-19,2510.0,2511.0,2480.0,2480.0,10400.0
2013-03-21,2510.0,2510.0,2484.0,2488.0,22200.0
2013-03-22,2488.0,2499.0,2480.0,2487.0,13000.0
2013-03-25,2487.0,2495.0,2441.0,2475.0,23600.0
2013-03-26,2465.0,2473.0,2372.0,2406.0,36300.0
2013-03-27,2300.0,2339.0,2280.0,2332.0,34100.0
2013-03-28,2300.0,2350.0,2280.0,2291.0,21300.0
2013-03-29,2250.0,2286.0,2232.0,2252.0,19500.0
2013-04-01,2262.0,2310.0,2230.0,2269.0,32600.0
2013-04-02,2210.0,2262.0,2121.0,2259.0,17000.0
2013-04-03,2250.0,2267.0,2220.0,2256.0,7300.0
2013-04-04,2255.0,2279.0,2240.0,2270.0,15500.0
2013-04-05,2301.0,2309.0,2285.0,2300.0,27100.0
2013-04-08,2300.0,2319.0,2285.0,2303.0,27400.0
2013-04-09,2309.0,2312.0,2280.0,2305.0,18700.0
2013-04-10,2295.0,2307.0,2288.0,2300.0,11300.0
2013-04-11,2300.0,2305.0,2290.0,2305.0,9700.0
2013-04-12,2302.0,2310.0,2300.0,2310.0,9300.0
2013-04-15,2310.0,2310.0,2280.0,2280.0,13500.0
2013-04-16,2250.0,2290.0,2250.0,2290.0,7900.0
2013-04-17,2283.0,2320.0,2276.0,2320.0,14500.0
2013-04-18,2320.0,2325.0,2302.0,2312.0,10100.0
2013-04-19,2320.0,2336.0,2311.0,2322.0,13600.0
2013-04-22,2335.0,2355.0,2334.0,2345.0,13800.0
2013-04-23,2366.0,2425.0,2346.0,2410.0,30900.0
2013-04-24,2450.0,2450.0,2413.0,2413.0,16600.0
2013-04-25,2403.0,2407.0,2390.0,2400.0,13800.0
2013-04-26,2405.0,2411.0,2336.0,2336.0,22600.0
2013-04-30,2345.0,2399.0,2341.0,2376.0,13000.0
2013-05-01,2407.0,2420.0,2392.0,2409.0,9700.0
2013-05-02,2420.0,2480.0,2409.0,2479.0,30000.0
2013-05-07,2500.0,2505.0,2466.0,2481.0,19500.0
2013-05-08,2480.0,2480.0,2451.0,2463.0,15400.0
2013-05-09,2485.0,2510.0,2485.0,2485.0,31200.0
2013-05-10,2500.0,2511.0,2478.0,2498.0,13600.0
2013-05-13,2510.0,2520.0,2465.0,2474.0,29400.0
2013-05-14,2369.0,2399.0,2288.0,2399.0,45900.0
2013-05-15,2449.0,2450.0,2380.0,2400.0,19900.0
2013-05-16,2409.0,2438.0,2400.0,2422.0,29500.0
2013-05-17,2510.0,2605.0,2510.0,2590.0,95200.0
2013-05-20,2730.0,2750.0,2600.0,2600.0,76500.0
2013-05-21,2562.0,2562.0,2480.0,2542.0,19800.0
2013-05-22,2551.0,2578.0,2551.0,2554.0,10900.0
2013-05-23,2552.0,2554.0,2440.0,2480.0,28100.0
2013-05-24,2490.0,2495.0,2370.0,2421.0,23200.0
2013-05-27,2422.0,2422.0,2325.0,2384.0,8500.0
2013-05-28,2334.0,2396.0,2332.0,2396.0,11700.0
2013-05-29,2400.0,2420.0,2386.0,2417.0,11400.0
2013-05-30,2397.0,2397.0,2370.0,2385.0,11000.0
2013-05-31,2390.0,2396.0,2380.0,2392.0,5200.0
2013-06-03,2388.0,2388.0,2356.0,2386.0,5200.0
2013-06-04,2381.0,2384.0,2315.0,2350.0,12100.0
2013-06-05,2370.0,2384.0,2360.0,2363.0,5600.0
2013-06-06,2323.0,2344.0,2271.0,2300.0,12800.0
2013-06-07,2210.0,2250.0,2112.0,2147.0,25800.0
2013-06-10,2219.0,2235.0,2205.0,2235.0,7500.0
2013-06-11,2206.0,2249.0,2201.0,2221.0,7700.0
2013-06-12,2197.0,2230.0,2196.0,2220.0,9000.0
2013-06-13,2220.0,2220.0,2185.0,2191.0,10200.0
2013-06-14,2240.0,2240.0,2214.0,2216.0,10800.0
2013-06-17,2210.0,2245.0,2210.0,2245.0,2900.0
2013-06-18,2245.0,2250.0,2212.0,2230.0,2600.0
2013-06-19,2230.0,2256.0,2210.0,2253.0,6100.0
2013-06-20,2279.0,2288.0,2221.0,2221.0,5200.0
2013-06-21,2210.0,2230.0,2210.0,2221.0,1700.0
2013-06-24,2279.0,2279.0,2224.0,2260.0,4000.0
2013-06-25,2299.0,2339.0,2273.0,2274.0,5800.0
2013-06-26,2273.0,2280.0,2237.0,2237.0,6100.0
2013-06-27,2284.0,2284.0,2240.0,2262.0,3300.0
2013-06-28,2300.0,2312.0,2295.0,2307.0,5000.0
2013-07-01,2310.0,2338.0,2307.0,2338.0,4700.0
2013-07-02,2357.0,2448.0,2349.0,2401.0,10600.0
2013-07-03,2450.0,2450.0,2404.0,2424.0,6500.0
2013-07-04,2424.0,2424.0,2376.0,2395.0,7900.0
2013-07-05,2395.0,2400.0,2386.0,2400.0,3800.0
2013-07-08,2412.0,2449.0,2410.0,2425.0,4900.0
2013-07-09,2425.0,2430.0,2401.0,2430.0,4300.0
2013-07-10,2458.0,2458.0,2439.0,2448.0,4600.0
2013-07-11,2449.0,2450.0,2431.0,2431.0,2300.0
2013-07-12,2433.0,2440.0,2432.0,2438.0,2400.0
2013-07-16,2433.0,2449.0,2430.0,2449.0,4700.0
2013-07-17,2430.0,2435.0,2401.0,2402.0,3100.0
2013-07-18,2402.0,2440.0,2402.0,2440.0,3400.0
2013-07-19,2448.0,2448.0,2420.0,2440.0,3200.0
2013-07-22,2455.0,2455.0,2436.0,2448.0,3300.0
2013-07-23,2448.0,2448.0,2429.0,2440.0,2700.0
2013-07-24,2447.0,2448.0,2420.0,2439.0,3700.0
2013-07-25,2440.0,2447.0,2425.0,2447.0,3000.0
2013-07-26,2446.0,2448.0,2420.0,2448.0,3400.0
2013-07-29,2445.0,2445.0,2402.0,2420.0,5900.0
2013-07-30,2445.0,2525.0,2443.0,2516.0,24600.0
2013-07-31,2525.0,2525.0,2450.0,2479.0,6900.0
2013-08-01,2484.0,2494.0,2419.0,2440.0,5000.0
2013-08-02,2489.0,2490.0,2441.0,2468.0,3400.0
2013-08-05,2443.0,2480.0,2433.0,2435.0,4700.0
2013-08-06,2436.0,2450.0,2432.0,2440.0,1500.0
2013-08-07,2430.0,2430.0,2414.0,2427.0,3200.0
2013-08-08,2426.0,2452.0,2400.0,2452.0,6400.0
2013-08-09,2415.0,2459.0,2412.0,2459.0,2800.0
2013-08-12,2420.0,2439.0,2403.0,2407.0,1700.0
2013-08-13,2435.0,2435.0,2400.0,2425.0,4100.0
2013-08-14,2426.0,2453.0,2413.0,2429.0,3800.0
2013-08-15,2420.0,2450.0,2420.0,2425.0,4300.0
2013-08-16,2429.0,2439.0,2410.0,2415.0,5500.0
2013-08-19,2418.0,2440.0,2416.0,2440.0,1600.0
2013-08-20,2445.0,2468.0,2439.0,2448.0,5000.0
2013-08-21,2450.0,2474.0,2450.0,2456.0,9300.0
2013-08-22,2435.0,2450.0,2406.0,2407.0,6600.0
2013-08-23,2421.0,2442.0,2420.0,2436.0,3200.0
2013-08-26,2440.0,2444.0,2420.0,2443.0,2100.0
2013-08-27,2450.0,2455.0,2449.0,2450.0,4300.0
2013-08-28,2427.0,2455.0,2425.0,2438.0,4500.0
2013-08-29,2435.0,2490.0,2435.0,2440.0,2400.0
2013-08-30,2451.0,2477.0,2433.0,2477.0,3800.0
2013-09-02,2487.0,2487.0,2445.0,2445.0,2500.0
2013-09-03,2450.0,2465.0,2438.0,2464.0,1800.0
2013-09-04,2441.0,2489.0,2441.0,2489.0,2800.0
2013-09-05,2489.0,2490.0,2483.0,2489.0,2700.0
2013-09-06,2494.0,2498.0,2446.0,2498.0,7000.0
2013-09-09,2500.0,2503.0,2475.0,2502.0,4100.0
2013-09-10,2500.0,2500.0,2417.0,2419.0,19300.0
2013-09-11,2439.0,2449.0,2415.0,2430.0,9700.0
2013-09-12,2449.0,2449.0,2435.0,2438.0,3700.0
2013-09-13,2471.0,2471.0,2451.0,2465.0,5400.0
2013-09-17,2463.0,2472.0,2463.0,2470.0,4200.0
2013-09-18,2530.0,2600.0,2521.0,2600.0,28800.0
2013-09-19,2600.0,2601.0,2540.0,2540.0,16900.0
2013-09-20,2557.0,2564.0,2523.0,2545.0,12000.0
2013-09-24,2535.0,2585.0,2535.0,2548.0,7300.0
2013-09-25,2548.0,2565.0,2482.0,2513.0,6100.0
2013-09-26,2525.0,2547.0,2515.0,2525.0,4300.0
2013-09-27,2516.0,2552.0,2516.0,2548.0,3600.0
2013-09-30,2590.0,2590.0,2525.0,2551.0,7300.0
2013-10-01,2552.0,2599.0,2532.0,2583.0,4200.0
2013-10-02,2586.0,2599.0,2568.0,2594.0,2800.0
2013-10-03,2598.0,2625.0,2594.0,2601.0,8000.0
2013-10-04,2600.0,2600.0,2532.0,2564.0,5400.0
2013-10-07,2533.0,2568.0,2533.0,2537.0,1500.0
2013-10-08,2519.0,2519.0,2479.0,2491.0,7800.0
2013-10-09,2465.0,2494.0,2461.0,2480.0,1400.0
2013-10-10,2484.0,2520.0,2472.0,2472.0,3000.0
2013-10-11,2514.0,2514.0,2472.0,2510.0,1300.0
2013-10-15,2521.0,2521.0,2500.0,2500.0,2000.0
2013-10-16,2500.0,2534.0,2500.0,2527.0,4100.0
2013-10-17,2530.0,2550.0,2517.0,2521.0,2200.0
2013-10-18,2507.0,2545.0,2506.0,2545.0,2100.0
2013-10-21,2550.0,2569.0,2547.0,2566.0,4800.0
2013-10-22,2588.0,2600.0,2579.0,2579.0,7700.0
2013-10-23,2600.0,2605.0,2570.0,2570.0,2600.0
2013-10-24,2582.0,2616.0,2575.0,2602.0,4300.0
2013-10-25,2610.0,2610.0,2570.0,2585.0,4200.0
2013-10-28,2600.0,2629.0,2600.0,2617.0,12300.0
2013-10-29,2517.0,2600.0,2517.0,2599.0,13800.0
2013-10-30,2598.0,2598.0,2540.0,2540.0,3800.0
2013-10-31,2590.0,2590.0,2560.0,2576.0,4800.0
2013-11-01,2543.0,2548.0,2534.0,2547.0,2800.0
2013-11-05,2550.0,2555.0,2545.0,2546.0,2700.0
2013-11-06,2540.0,2565.0,2533.0,2565.0,7100.0
2013-11-07,2543.0,2567.0,2540.0,2565.0,3500.0
2013-11-08,2565.0,2570.0,2565.0,2570.0,3100.0
2013-11-11,2570.0,2580.0,2566.0,2566.0,1400.0
2013-11-12,2566.0,2566.0,2540.0,2540.0,4100.0
2013-11-13,2570.0,2572.0,2540.0,2540.0,3300.0
2013-11-14,2577.0,2582.0,2568.0,2582.0,4100.0
2013-11-15,2590.0,2663.0,2589.0,2636.0,18800.0
2013-11-18,2636.0,2709.0,2636.0,2677.0,7900.0
2013-11-19,2669.0,2690.0,2650.0,2669.0,5500.0
2013-11-20,2719.0,2719.0,2658.0,2662.0,2800.0
2013-11-21,2657.0,2674.0,2630.0,2636.0,4500.0
2013-11-22,2700.0,2700.0,2652.0,2654.0,6400.0
2013-11-25,2695.0,2695.0,2655.0,2667.0,1900.0
2013-11-26,2667.0,2688.0,2665.0,2672.0,3100.0
2013-11-27,2672.0,2678.0,2661.0,2661.0,5800.0
2013-11-28,2661.0,2661.0,2651.0,2659.0,4500.0
2013-11-29,2659.0,2665.0,2656.0,2665.0,4000.0
2013-12-02,2665.0,2674.0,2655.0,2655.0,3800.0
2013-12-03,2694.0,2694.0,2662.0,2670.0,8400.0
2013-12-04,2655.0,2656.0,2617.0,2640.0,5100.0
2013-12-05,2639.0,2639.0,2600.0,2600.0,5900.0
2013-12-06,2600.0,2603.0,2590.0,2603.0,1900.0
2013-12-09,2602.0,2659.0,2602.0,2651.0,4100.0
2013-12-10,2664.0,2665.0,2651.0,2651.0,4200.0
2013-12-11,2650.0,2659.0,2630.0,2647.0,1600.0
2013-12-12,2640.0,2640.0,2610.0,2619.0,4100.0
2013-12-13,2593.0,2650.0,2593.0,2602.0,6700.0
2013-12-16,2601.0,2612.0,2592.0,2592.0,2600.0
2013-12-17,2594.0,2604.0,2573.0,2601.0,2000.0
2013-12-18,2593.0,2599.0,2571.0,2588.0,3000.0
2013-12-19,2591.0,2597.0,2537.0,2573.0,10200.0
2013-12-20,2584.0,2584.0,2537.0,2547.0,8900.0
2013-12-24,2547.0,2547.0,2500.0,2500.0,10900.0
2013-12-25,2498.0,2515.0,2495.0,2510.0,6100.0
2013-12-26,2519.0,2541.0,2519.0,2536.0,3500.0
2013-12-27,2550.0,2550.0,2530.0,2536.0,5900.0
2013-12-30,2590.0,2597.0,2570.0,2580.0,5100.0
2014-01-06,2610.0,2610.0,2580.0,2600.0,2600.0
2014-01-07,2600.0,2629.0,2600.0,2610.0,3300.0
2014-01-08,2600.0,2610.0,2592.0,2595.0,4600.0
2014-01-09,2614.0,2628.0,2600.0,2604.0,4100.0
2014-01-10,2605.0,2622.0,2600.0,2601.0,4800.0
2014-01-14,2600.0,2608.0,2594.0,2594.0,2800.0
2014-01-15,2620.0,2620.0,2609.0,2613.0,3400.0
2014-01-16,2618.0,2619.0,2600.0,2601.0,4700.0
2014-01-17,2602.0,2614.0,2602.0,2607.0,1600.0
2014-01-20,2625.0,2680.0,2614.0,2640.0,6600.0
2014-01-21,2650.0,2670.0,2650.0,2650.0,2700.0
2014-01-22,2650.0,2680.0,2644.0,2646.0,3500.0
2014-01-23,2657.0,2666.0,2627.0,2627.0,5400.0
2014-01-24,2620.0,2627.0,2616.0,2627.0,3000.0
2014-01-27,2610.0,2614.0,2595.0,2595.0,6000.0
2014-01-28,2600.0,2625.0,2600.0,2625.0,2800.0
2014-01-29,2637.0,2748.0,2631.0,2737.0,12400.0
2014-01-30,2687.0,2700.0,2670.0,2683.0,3600.0
2014-01-31,2685.0,2720.0,2685.0,2700.0,18800.0
2014-02-03,2701.0,2701.0,2631.0,2679.0,6300.0
2014-02-04,2629.0,2647.0,2576.0,2617.0,11100.0
2014-02-05,2684.0,2685.0,2600.0,2648.0,4600.0
2014-02-06,2695.0,2700.0,2632.0,2695.0,10200.0
2014-02-07,2793.0,2795.0,2689.0,2780.0,10300.0
2014-02-10,2798.0,2919.0,2798.0,2892.0,16300.0
2014-02-12,2880.0,2880.0,2835.0,2847.0,3100.0
2014-02-13,2840.0,2840.0,2750.0,2751.0,4500.0
2014-02-14,2721.0,2746.0,2690.0,2695.0,5900.0
2014-02-17,2780.0,2784.0,2699.0,2710.0,4700.0
2014-02-18,2760.0,2760.0,2703.0,2711.0,4900.0
2014-02-19,2711.0,2715.0,2690.0,2696.0,5500.0
2014-02-20,2696.0,2696.0,2672.0,2674.0,2000.0
2014-02-21,2670.0,2692.0,2660.0,2677.0,7400.0
2014-02-24,2680.0,2710.0,2680.0,2704.0,6700.0
2014-02-25,2723.0,2723.0,2700.0,2722.0,3600.0
2014-02-26,2724.0,2737.0,2721.0,2737.0,4100.0
2014-02-27,2737.0,2765.0,2737.0,2764.0,4000.0
2014-02-28,2770.0,2784.0,2753.0,2779.0,5400.0
2014-03-03,2778.0,2778.0,2700.0,2763.0,3100.0
2014-03-04,2764.0,2767.0,2722.0,2758.0,6300.0
2014-03-05,2758.0,2770.0,2755.0,2760.0,3400.0
2014-03-06,2761.0,2765.0,2756.0,2765.0,1700.0
2014-03-07,2780.0,2800.0,2766.0,2784.0,8400.0
2014-03-10,2785.0,2790.0,2778.0,2781.0,5000.0
2014-03-11,2820.0,2820.0,2791.0,2805.0,2400.0
2014-03-12,2820.0,2820.0,2800.0,2810.0,3300.0
2014-03-13,2824.0,2875.0,2800.0,2860.0,7600.0
2014-03-14,2810.0,2850.0,2781.0,2806.0,7000.0
2014-03-17,2801.0,2801.0,2670.0,2745.0,21800.0
2014-03-18,2747.0,2778.0,2717.0,2733.0,6800.0
2014-03-19,2730.0,2741.0,2722.0,2722.0,4200.0
2014-03-20,2722.0,2729.0,2706.0,2716.0,3800.0
2014-03-24,2716.0,2763.0,2708.0,2750.0,19600.0
2014-03-25,2750.0,2775.0,2740.0,2762.0,8800.0
2014-03-26,2770.0,2800.0,2765.0,2800.0,11700.0
2014-03-27,2655.0,2694.0,2650.0,2670.0,23800.0
2014-03-28,2670.0,2708.0,2661.0,2708.0,5300.0
2014-03-31,2708.0,2708.0,2550.0,2600.0,30900.0
2014-04-01,2620.0,2670.0,2620.0,2622.0,5800.0
2014-04-02,2630.0,2658.0,2620.0,2644.0,5000.0
2014-04-03,2658.0,2700.0,2650.0,2693.0,8400.0
2014-04-04,2693.0,2720.0,2687.0,2687.0,3800.0
2014-04-07,2711.0,2711.0,2659.0,2679.0,3600.0
2014-04-08,2700.0,2700.0,2664.0,2690.0,2400.0
2014-04-09,2700.0,2700.0,2662.0,2668.0,6200.0
2014-04-10,2665.0,2687.0,2665.0,2666.0,800.0
2014-04-11,2662.0,2665.0,2611.0,2634.0,3200.0
2014-04-14,2634.0,2665.0,2632.0,2663.0,1600.0
2014-04-15,2650.0,2672.0,2650.0,2671.0,2100.0
2014-04-16,2651.0,2688.0,2651.0,2688.0,1800.0
2014-04-17,2702.0,2702.0,2680.0,2684.0,1400.0
2014-04-18,2699.0,2710.0,2690.0,2700.0,2800.0
2014-04-21,2700.0,2708.0,2680.0,2708.0,1500.0
2014-04-22,2700.0,2700.0,2689.0,2689.0,900.0
2014-04-23,2700.0,2718.0,2686.0,2716.0,3500.0
2014-04-24,2716.0,2716.0,2688.0,2697.0,1300.0
2014-04-25,2684.0,2700.0,2684.0,2685.0,1100.0
2014-04-28,2651.0,2684.0,2645.0,2684.0,1500.0
2014-04-30,2690.0,2690.0,2667.0,2667.0,1400.0
2014-05-01,2667.0,2689.0,2652.0,2681.0,3000.0
2014-05-02,2690.0,2700.0,2690.0,2690.0,3000.0
2014-05-07,2699.0,2720.0,2621.0,2707.0,4200.0
2014-05-08,2693.0,2696.0,2632.0,2634.0,4300.0
2014-05-09,2678.0,2678.0,2637.0,2650.0,2300.0
2014-05-12,2651.0,2655.0,2600.0,2606.0,3900.0
2014-05-13,2606.0,2606.0,2500.0,2504.0,13600.0
2014-05-14,2504.0,2513.0,2500.0,2502.0,6500.0
2014-05-15,2519.0,2524.0,2500.0,2500.0,7700.0
2014-05-16,2500.0,2501.0,2498.0,2501.0,2500.0
2014-05-19,2510.0,2568.0,2505.0,2510.0,1900.0
2014-05-20,2510.0,2540.0,2497.0,2522.0,5300.0
2014-05-21,2521.0,2521.0,2497.0,2499.0,2900.0
2014-05-22,2517.0,2519.0,2499.0,2499.0,1200.0
2014-05-23,2509.0,2520.0,2501.0,2501.0,2400.0
2014-05-26,2510.0,2530.0,2510.0,2530.0,2100.0
2014-05-27,2539.0,2553.0,2530.0,2547.0,1400.0
2014-05-28,2547.0,2554.0,2547.0,2550.0,2300.0
2014-05-29,2531.0,2553.0,2531.0,2553.0,900.0
2014-05-30,2568.0,2569.0,2544.0,2555.0,2500.0
2014-06-02,2555.0,2600.0,2552.0,2580.0,5800.0
2014-06-03,2618.0,2649.0,2606.0,2649.0,4800.0
2014-06-04,2649.0,2651.0,2613.0,2645.0,2700.0
2014-06-05,2630.0,2648.0,2630.0,2635.0,2600.0
2014-06-06,2636.0,2699.0,2636.0,2690.0,3300.0
2014-06-09,2695.0,2715.0,2672.0,2707.0,4000.0
2014-06-10,2710.0,2710.0,2680.0,2700.0,3200.0
2014-06-11,2700.0,2710.0,2680.0,2710.0,1900.0
2014-06-12,2709.0,2709.0,2624.0,2643.0,3700.0
2014-06-13,2590.0,2620.0,2582.0,2620.0,13100.0
2014-06-16,2620.0,2629.0,2612.0,2625.0,2800.0
2014-06-17,2620.0,2620.0,2610.0,2612.0,2200.0
2014-06-18,2620.0,2643.0,2620.0,2640.0,7800.0
2014-06-19,2641.0,2670.0,2641.0,2660.0,5400.0
2014-06-20,2679.0,2680.0,2660.0,2670.0,5400.0
2014-06-23,2690.0,2700.0,2663.0,2666.0,7000.0
2014-06-24,2666.0,2697.0,2663.0,2670.0,2100.0
2014-06-25,2670.0,2708.0,2670.0,2700.0,11000.0
2014-06-26,2700.0,2750.0,2677.0,2723.0,9500.0
2014-06-27,2705.0,2727.0,2705.0,2711.0,3100.0
2014-06-30,2720.0,2759.0,2701.0,2759.0,7400.0
2014-07-01,2760.0,2790.0,2759.0,2769.0,8000.0
2014-07-02,2800.0,2800.0,2761.0,2767.0,5100.0
2014-07-03,2795.0,2795.0,2750.0,2785.0,4900.0
2014-07-04,2785.0,2830.0,2785.0,2827.0,7700.0
2014-07-07,2800.0,2823.0,2781.0,2823.0,6400.0
2014-07-08,2820.0,2820.0,2799.0,2820.0,3700.0
2014-07-09,2815.0,2815.0,2776.0,2800.0,2000.0
2014-07-10,2848.0,2848.0,2786.0,2786.0,2800.0
2014-07-11,2819.0,2820.0,2773.0,2820.0,6700.0
2014-07-14,2819.0,2825.0,2780.0,2807.0,3000.0
2014-07-15,2807.0,2869.0,2807.0,2869.0,4000.0
2014-07-16,2820.0,2865.0,2800.0,2820.0,10100.0
2014-07-17,2805.0,2820.0,2800.0,2810.0,1300.0
2014-07-18,2777.0,2786.0,2701.0,2772.0,9400.0
2014-07-22,2784.0,2819.0,2780.0,2818.0,3400.0
2014-07-23,2849.0,2850.0,2797.0,2803.0,4300.0
2014-07-24,2800.0,2846.0,2741.0,2792.0,14400.0
2014-07-25,2791.0,2797.0,2750.0,2790.0,3800.0
2014-07-28,2797.0,2820.0,2770.0,2820.0,6800.0
2014-07-29,2781.0,2840.0,2780.0,2840.0,8000.0
2014-07-30,2840.0,2842.0,2821.0,2840.0,2000.0
2014-07-31,2900.0,2980.0,2890.0,2891.0,11800.0
2014-08-01,2871.0,2897.0,2851.0,2851.0,700.0
2014-08-04,2899.0,2899.0,2885.0,2897.0,1100.0
2014-08-05,2895.0,2895.0,2867.0,2867.0,1600.0
2014-08-06,2850.0,2855.0,2831.0,2840.0,1600.0
2014-08-07,2827.0,2839.0,2804.0,2820.0,5700.0
2014-08-08,2815.0,2862.0,2803.0,2830.0,3600.0
2014-08-11,2818.0,2859.0,2818.0,2845.0,1300.0
2014-08-12,2865.0,2867.0,2833.0,2845.0,2200.0
2014-08-13,2860.0,2860.0,2836.0,2856.0,800.0
2014-08-14,2850.0,2859.0,2839.0,2840.0,2700.0
2014-08-15,2832.0,2856.0,2832.0,2840.0,4000.0
2014-08-18,2830.0,2855.0,2830.0,2853.0,1500.0
2014-08-19,2840.0,2840.0,2824.0,2825.0,1400.0
2014-08-20,2830.0,2840.0,2825.0,2825.0,1800.0
2014-08-21,2826.0,2839.0,2825.0,2837.0,3100.0
2014-08-22,2839.0,2839.0,2820.0,2829.0,2300.0
2014-08-25,2841.0,2848.0,2827.0,2843.0,1900.0
2014-08-26,2831.0,2840.0,2820.0,2825.0,1200.0
2014-08-27,2830.0,2837.0,2819.0,2819.0,1100.0
2014-08-28,2839.0,2839.0,2839.0,2839.0,100.0
2014-08-29,2840.0,2850.0,2810.0,2850.0,4000.0
2014-09-01,2840.0,2840.0,2822.0,2838.0,400.0
2014-09-02,2840.0,2857.0,2810.0,2839.0,3700.0
2014-09-03,2834.0,2838.0,2819.0,2819.0,1400.0
2014-09-04,2819.0,2820.0,2810.0,2816.0,3600.0
2014-09-05,2825.0,2825.0,2813.0,2815.0,500.0
2014-09-08,2815.0,2815.0,2800.0,2800.0,1900.0
2014-09-09,2819.0,2834.0,2819.0,2834.0,1800.0
2014-09-10,2830.0,2830.0,2819.0,2819.0,900.0
2014-09-11,2819.0,2830.0,2819.0,2830.0,1000.0
2014-09-12,2830.0,2840.0,2800.0,2819.0,3700.0
2014-09-16,2819.0,2822.0,2819.0,2821.0,1700.0
2014-09-17,2840.0,2840.0,2819.0,2820.0,2700.0
2014-09-18,2819.0,2820.0,2810.0,2815.0,8400.0
2014-09-19,2841.0,2841.0,2812.0,2837.0,4800.0
2014-09-22,2837.0,2850.0,2823.0,2840.0,3400.0
2014-09-24,2828.0,2860.0,2828.0,2860.0,1400.0
2014-09-25,2830.0,2860.0,2830.0,2858.0,1000.0
2014-09-26,2830.0,2850.0,2819.0,2839.0,2400.0
2014-09-29,2840.0,2849.0,2822.0,2827.0,2900.0
2014-09-30,2849.0,2893.0,2820.0,2855.0,11400.0
2014-10-01,2850.0,2885.0,2836.0,2850.0,2700.0
2014-10-02,2884.0,2884.0,2851.0,2879.0,5000.0
2014-10-03,2850.0,2879.0,2831.0,2876.0,1200.0
2014-10-06,2876.0,2876.0,2822.0,2870.0,2200.0
2014-10-07,2870.0,2880.0,2861.0,2861.0,500.0
2014-10-08,2819.0,2860.0,2800.0,2819.0,9100.0
2014-10-09,2850.0,2855.0,2819.0,2821.0,600.0
2014-10-10,2800.0,2826.0,2780.0,2826.0,4800.0
2014-10-14,2824.0,2824.0,2785.0,2805.0,2100.0
2014-10-15,2781.0,2838.0,2781.0,2814.0,1500.0
2014-10-16,2805.0,2805.0,2780.0,2799.0,2000.0
2014-10-17,2799.0,2799.0,2775.0,2775.0,1200.0
2014-10-20,2777.0,2824.0,2777.0,2819.0,2400.0
2014-10-21,2819.0,2821.0,2809.0,2819.0,1500.0
2014-10-22,2826.0,2839.0,2826.0,2838.0,1700.0
2014-10-23,2838.0,2876.0,2838.0,2841.0,1600.0
2014-10-24,2841.0,2858.0,2841.0,2841.0,600.0
2014-10-27,2849.0,2849.0,2830.0,2830.0,800.0
2014-10-28,2831.0,2840.0,2831.0,2834.0,500.0
2014-10-29,2937.0,2949.0,2860.0,2864.0,7800.0
2014-10-30,2890.0,2890.0,2869.0,2886.0,1900.0
2014-10-31,2900.0,2906.0,2900.0,2900.0,2400.0
2014-11-04,2950.0,3030.0,2950.0,3010.0,14400.0
2014-11-05,3020.0,3020.0,2958.0,2969.0,5700.0
2014-11-06,2969.0,2999.0,2962.0,2973.0,4600.0
2014-11-07,2973.0,2985.0,2930.0,2930.0,10200.0
2014-11-10,2930.0,2941.0,2916.0,2941.0,2900.0
2014-11-11,2975.0,2980.0,2960.0,2960.0,4600.0
2014-11-12,2990.0,3020.0,2989.0,3010.0,3100.0
2014-11-13,3010.0,3050.0,3000.0,3040.0,2200.0
2014-11-14,3035.0,3065.0,3035.0,3045.0,5600.0
2014-11-17,3050.0,3065.0,2975.0,2994.0,8200.0
2014-11-18,3080.0,3100.0,2995.0,2995.0,6900.0
2014-11-19,3095.0,3120.0,3015.0,3085.0,7000.0
2014-11-20,3105.0,3125.0,3090.0,3090.0,5000.0
2014-11-21,3075.0,3110.0,3075.0,3080.0,900.0
2014-11-25,3085.0,3100.0,3085.0,3085.0,2400.0
2014-11-26,3150.0,3200.0,3120.0,3175.0,5400.0
2014-11-27,3200.0,3210.0,3200.0,3210.0,2100.0
2014-11-28,3230.0,3250.0,3230.0,3250.0,3100.0
2014-12-01,3250.0,3290.0,3245.0,3290.0,2800.0
2014-12-02,3300.0,3330.0,3290.0,3315.0,3700.0
2014-12-03,3315.0,3420.0,3315.0,3380.0,8400.0
2014-12-04,3365.0,3515.0,3335.0,3515.0,10100.0
2014-12-05,3525.0,3580.0,3475.0,3510.0,5500.0
2014-12-08,3490.0,3495.0,3450.0,3455.0,2200.0
2014-12-09,3410.0,3445.0,3325.0,3445.0,4300.0
2014-12-10,3440.0,3440.0,3340.0,3345.0,2900.0
2014-12-11,3280.0,3325.0,3250.0,3295.0,3600.0
2014-12-12,3330.0,3400.0,3330.0,3400.0,2300.0
2014-12-15,3400.0,3500.0,3400.0,3490.0,3400.0
2014-12-16,3460.0,3465.0,3405.0,3465.0,2100.0
2014-12-17,3450.0,3450.0,3415.0,3415.0,2700.0
2014-12-18,3415.0,3465.0,3350.0,3350.0,4500.0
2014-12-19,3420.0,3420.0,3350.0,3375.0,3400.0
2014-12-22,3375.0,3440.0,3375.0,3410.0,2600.0
2014-12-24,3410.0,3425.0,3350.0,3350.0,4200.0
2014-12-25,3300.0,3370.0,3300.0,3330.0,5000.0
2014-12-26,3345.0,3450.0,3345.0,3410.0,1300.0
2014-12-29,3430.0,3440.0,3425.0,3425.0,1200.0
2014-12-30,3450.0,3450.0,3420.0,3420.0,1600.0
2015-01-05,3450.0,3460.0,3435.0,3460.0,1500.0
2015-01-06,3460.0,3460.0,3405.0,3425.0,2000.0
2015-01-07,3400.0,3425.0,3350.0,3360.0,3800.0
2015-01-08,3405.0,3480.0,3405.0,3480.0,2100.0
2015-01-09,3415.0,3595.0,3400.0,3580.0,6100.0
2015-01-13,3575.0,3575.0,3500.0,3500.0,2500.0
2015-01-14,3570.0,3785.0,3520.0,3660.0,24400.0
2015-01-15,3660.0,3785.0,3605.0,3785.0,9700.0
2015-01-16,3750.0,3975.0,3705.0,3945.0,13200.0
2015-01-19,3930.0,3950.0,3880.0,3950.0,7400.0
2015-01-20,3935.0,3980.0,3905.0,3905.0,3300.0
2015-01-21,3840.0,3905.0,3830.0,3905.0,7400.0
2015-01-22,3890.0,3900.0,3790.0,3890.0,7900.0
2015-01-23,3890.0,3910.0,3810.0,3810.0,6100.0
2015-01-26,3810.0,3845.0,3805.0,3845.0,5200.0
2015-01-27,3835.0,3935.0,3800.0,3890.0,7800.0
2015-01-28,3890.0,3905.0,3885.0,3905.0,2600.0
2015-01-29,3920.0,3990.0,3900.0,3990.0,5800.0
2015-01-30,4000.0,4040.0,3990.0,4040.0,13600.0
2015-02-02,4020.0,4020.0,3390.0,3550.0,44200.0
2015-02-03,3550.0,3675.0,3550.0,3675.0,9100.0
2015-02-04,3675.0,3715.0,3645.0,3650.0,5100.0
2015-02-05,3650.0,3745.0,3650.0,3660.0,4200.0
2015-02-06,3660.0,3670.0,3610.0,3665.0,3900.0
2015-02-09,3735.0,3750.0,3705.0,3715.0,3700.0
2015-02-10,3730.0,3765.0,3715.0,3715.0,2000.0
2015-02-12,3725.0,3745.0,3650.0,3700.0,5400.0
2015-02-13,3670.0,3700.0,3550.0,3550.0,15000.0
2015-02-16,3585.0,3585.0,3525.0,3525.0,3900.0
2015-02-17,3525.0,3610.0,3400.0,3580.0,6800.0
2015-02-18,3650.0,3695.0,3640.0,3665.0,4500.0
2015-02-19,3665.0,3745.0,3625.0,3700.0,8300.0
2015-02-20,3730.0,3760.0,3655.0,3760.0,4600.0
2015-02-23,3800.0,3800.0,3700.0,3750.0,7300.0
2015-02-24,3735.0,3800.0,3655.0,3715.0,7100.0
2015-02-25,3740.0,3750.0,3725.0,3730.0,3100.0
2015-02-26,3795.0,3810.0,3730.0,3785.0,4700.0
2015-02-27,3785.0,3800.0,3780.0,3800.0,2200.0
2015-03-02,3790.0,3810.0,3750.0,3750.0,4500.0
2015-03-03,3740.0,3800.0,3730.0,3730.0,1900.0
2015-03-04,3710.0,3730.0,3690.0,3730.0,3400.0
2015-03-05,3730.0,3750.0,3685.0,3685.0,4100.0
2015-03-06,3670.0,3705.0,3670.0,3685.0,4100.0
2015-03-09,3685.0,3705.0,3670.0,3700.0,5100.0
2015-03-10,3700.0,3715.0,3680.0,3685.0,4900.0
2015-03-11,3700.0,3730.0,3685.0,3710.0,1400.0
2015-03-12,3750.0,3755.0,3720.0,3750.0,1700.0
2015-03-13,3785.0,3800.0,3750.0,3750.0,9200.0
2015-03-16,3750.0,3850.0,3730.0,3750.0,6300.0
2015-03-17,3760.0,3795.0,3730.0,3730.0,4600.0
2015-03-18,3765.0,3765.0,3700.0,3705.0,10600.0
2015-03-19,3705.0,3745.0,3670.0,3675.0,12000.0
2015-03-20,3670.0,3675.0,3605.0,3605.0,11100.0
2015-03-23,3610.0,3655.0,3610.0,3620.0,8500.0
2015-03-24,3630.0,3750.0,3620.0,3740.0,19200.0
2015-03-25,3750.0,3755.0,3710.0,3755.0,11200.0
2015-03-26,3750.0,3750.0,3620.0,3710.0,15100.0
2015-03-27,3595.0,3620.0,3545.0,3595.0,17800.0
2015-03-30,3600.0,3600.0,3550.0,3570.0,3900.0
2015-03-31,3565.0,3580.0,3540.0,3550.0,3700.0
2015-04-01,3550.0,3570.0,3540.0,3550.0,1300.0
2015-04-02,3595.0,3595.0,3555.0,3560.0,3100.0
2015-04-03,3560.0,3600.0,3550.0,3560.0,4900.0
2015-04-06,3565.0,3570.0,3525.0,3525.0,4600.0
2015-04-07,3525.0,3540.0,3500.0,3540.0,5800.0
2015-04-08,3540.0,3545.0,3490.0,3500.0,9200.0
2015-04-09,3495.0,3495.0,3480.0,3480.0,6500.0
2015-04-10,3455.0,3475.0,3450.0,3465.0,6100.0
2015-04-13,3455.0,3460.0,3430.0,3440.0,6200.0
2015-04-14,3440.0,3530.0,3430.0,3530.0,10600.0
2015-04-15,3535.0,3535.0,3460.0,3515.0,12300.0
2015-04-16,3510.0,3515.0,3475.0,3495.0,1800.0
2015-04-17,3495.0,3525.0,3460.0,3490.0,4300.0
2015-04-20,3500.0,3500.0,3455.0,3455.0,1200.0
2015-04-21,3490.0,3500.0,3475.0,3480.0,3100.0
2015-04-22,3500.0,3515.0,3485.0,3500.0,6300.0
2015-04-23,3515.0,3520.0,3480.0,3485.0,3700.0
2015-04-24,3515.0,3520.0,3485.0,3520.0,3300.0
2015-04-27,3545.0,3570.0,3525.0,3555.0,11900.0
2015-04-28,3555.0,3555.0,3525.0,3545.0,5200.0
2015-04-30,3575.0,3580.0,3535.0,3580.0,4900.0
2015-05-01,3590.0,3620.0,3580.0,3605.0,5100.0
2015-05-07,3630.0,3635.0,3600.0,3615.0,4600.0
2015-05-08,3600.0,3615.0,3580.0,3595.0,3400.0
2015-05-11,3600.0,3600.0,3590.0,3600.0,1300.0
2015-05-12,3600.0,3600.0,3575.0,3575.0,1800.0
2015-05-13,3555.0,3595.0,3530.0,3595.0,3900.0
2015-05-14,3595.0,3595.0,3560.0,3585.0,2500.0
2015-05-15,3615.0,3620.0,3550.0,3575.0,10800.0
2015-05-18,3575.0,3605.0,3545.0,3585.0,12400.0
2015-05-19,3600.0,3790.0,3585.0,3790.0,25500.0
2015-05-20,3790.0,4385.0,3770.0,4280.0,62200.0
2015-05-21,3960.0,4055.0,3895.0,3925.0,23600.0
2015-05-22,3930.0,3980.0,3930.0,3935.0,6000.0
2015-05-25,3910.0,3945.0,3700.0,3700.0,28900.0
2015-05-26,3705.0,3715.0,3620.0,3660.0,24100.0
2015-05-27,3680.0,3700.0,3650.0,3695.0,8300.0
2015-05-28,3730.0,3730.0,3690.0,3695.0,6200.0
2015-05-29,3685.0,3720.0,3680.0,3720.0,4300.0
2015-06-01,3745.0,3775.0,3740.0,3775.0,6400.0
2015-06-02,3845.0,3925.0,3755.0,3810.0,15100.0
2015-06-03,3770.0,3795.0,3740.0,3745.0,9000.0
2015-06-04,3745.0,3760.0,3730.0,3750.0,10900.0
2015-06-05,3755.0,3800.0,3755.0,3755.0,3200.0
2015-06-08,3805.0,3805.0,3750.0,3790.0,5700.0
2015-06-09,3820.0,3820.0,3770.0,3800.0,3200.0
2015-06-10,3820.0,3830.0,3800.0,3825.0,3300.0
2015-06-11,3845.0,3905.0,3815.0,3905.0,5900.0
2015-06-12,3900.0,3920.0,3830.0,3890.0,3700.0
2015-06-15,3900.0,3910.0,3865.0,3865.0,1300.0
2015-06-16,3865.0,3865.0,3835.0,3850.0,2300.0
2015-06-17,3835.0,3850.0,3820.0,3830.0,3400.0
2015-06-18,3915.0,4030.0,3835.0,3835.0,15800.0
2015-06-19,3830.0,4015.0,3830.0,3995.0,7300.0
2015-06-22,3900.0,4075.0,3870.0,3900.0,4700.0
2015-06-23,3900.0,3995.0,3900.0,3920.0,3200.0
2015-06-24,3915.0,3915.0,3900.0,3900.0,1700.0
2015-06-25,3930.0,3975.0,3900.0,3930.0,2700.0
2015-06-26,3950.0,3955.0,3910.0,3925.0,1700.0
2015-06-29,3925.0,4000.0,3795.0,3985.0,16600.0
2015-06-30,3985.0,4185.0,3985.0,4120.0,23000.0
2015-07-01,4050.0,4250.0,4035.0,4180.0,12200.0
2015-07-02,4245.0,4250.0,3975.0,4175.0,10200.0
2015-07-03,4100.0,4180.0,4050.0,4115.0,9300.0
2015-07-06,4045.0,4140.0,4000.0,4070.0,8800.0
2015-07-07,4070.0,4165.0,4070.0,4110.0,5500.0
2015-07-08,4180.0,4180.0,3930.0,3930.0,10900.0
2015-07-09,3830.0,3950.0,3800.0,3930.0,7400.0
2015-07-10,3995.0,3995.0,3910.0,3915.0,4100.0
2015-07-13,3925.0,3980.0,3925.0,3925.0,1200.0
2015-07-14,3925.0,4010.0,3880.0,3905.0,6200.0
2015-07-15,3950.0,4000.0,3900.0,3900.0,4200.0
2015-07-16,3970.0,3970.0,3900.0,3910.0,2300.0
2015-07-17,3855.0,3965.0,3855.0,3905.0,1300.0
2015-07-21,3935.0,3985.0,3820.0,3835.0,7300.0
2015-07-22,3835.0,3860.0,3820.0,3830.0,1800.0
2015-07-23,3835.0,3970.0,3835.0,3885.0,2100.0
2015-07-24,3880.0,3930.0,3870.0,3870.0,400.0
2015-07-27,3900.0,3945.0,3855.0,3855.0,1000.0
2015-07-28,3830.0,3920.0,3830.0,3890.0,3900.0
2015-07-29,3940.0,3950.0,3890.0,3900.0,6300.0
2015-07-30,3900.0,3935.0,3900.0,3905.0,700.0
2015-07-31,3970.0,3980.0,3910.0,3910.0,4900.0
2015-08-03,4025.0,4025.0,3925.0,4000.0,37200.0
2015-08-04,4020.0,4095.0,3990.0,4030.0,28300.0
2015-08-05,4100.0,4340.0,4080.0,4250.0,50100.0
2015-08-06,4205.0,4360.0,4200.0,4310.0,19900.0
2015-08-07,4400.0,4450.0,4310.0,4310.0,22700.0
2015-08-10,4350.0,4450.0,4265.0,4385.0,23700.0
2015-08-11,4400.0,4425.0,4300.0,4300.0,13800.0
2015-08-12,4300.0,4400.0,4285.0,4365.0,10100.0
2015-08-13,4365.0,4620.0,4360.0,4545.0,26400.0
2015-08-14,4550.0,4905.0,4550.0,4850.0,25600.0
2015-08-17,4800.0,4890.0,4600.0,4705.0,21500.0
2015-08-18,4705.0,4800.0,4490.0,4615.0,28600.0
2015-08-19,4650.0,4830.0,4580.0,4705.0,18600.0
2015-08-20,4775.0,4820.0,4610.0,4655.0,12400.0
2015-08-21,4515.0,4595.0,4440.0,4510.0,17000.0
2015-08-24,4400.0,4490.0,4280.0,4280.0,15200.0
2015-08-25,4070.0,4570.0,3910.0,4310.0,23700.0
2015-08-26,4310.0,4700.0,4250.0,4690.0,10300.0
2015-08-27,4815.0,4815.0,4515.0,4635.0,9000.0
2015-08-28,4780.0,4780.0,4565.0,4660.0,8500.0
2015-08-31,4615.0,4640.0,4510.0,4620.0,5300.0
2015-09-01,4690.0,4710.0,4420.0,4505.0,16400.0
2015-09-02,4445.0,4675.0,4405.0,4640.0,5600.0
2015-09-03,4545.0,4640.0,4500.0,4575.0,7600.0
2015-09-04,4600.0,4600.0,4430.0,4550.0,5400.0
2015-09-07,4340.0,4560.0,4300.0,4540.0,6200.0
2015-09-08,4540.0,4540.0,4005.0,4330.0,16000.0
2015-09-09,4390.0,4480.0,4250.0,4305.0,3800.0
2015-09-10,4235.0,4250.0,4155.0,4155.0,2800.0
2015-09-11,4155.0,4355.0,4150.0,4355.0,2800.0
2015-09-14,4400.0,4400.0,4245.0,4355.0,2400.0
2015-09-15,4355.0,4430.0,4350.0,4430.0,500.0
2015-09-16,4430.0,4495.0,4350.0,4440.0,5900.0
2015-09-17,4360.0,4430.0,4335.0,4345.0,2600.0
2015-09-18,4345.0,4410.0,4255.0,4375.0,1900.0
2015-09-24,4370.0,4610.0,4345.0,4550.0,5700.0
2015-09-25,4550.0,4550.0,4400.0,4415.0,2300.0
2015-09-28,4380.0,4480.0,4380.0,4390.0,1800.0
2015-09-29,4320.0,4385.0,4200.0,4385.0,7100.0
2015-09-30,4430.0,4475.0,4320.0,4475.0,5600.0
2015-10-01,4545.0,4545.0,4455.0,4540.0,2000.0
2015-10-02,4575.0,4575.0,4460.0,4470.0,1300.0
2015-10-05,4470.0,4470.0,4380.0,4405.0,15000.0
2015-10-06,4405.0,4405.0,4355.0,4355.0,7700.0
2015-10-07,4400.0,4435.0,4300.0,4300.0,17400.0
2015-10-08,4300.0,4750.0,4300.0,4730.0,25900.0
2015-10-09,4660.0,4780.0,4485.0,4650.0,16700.0
2015-10-13,4585.0,4620.0,4370.0,4390.0,13000.0
2015-10-14,4445.0,4735.0,4400.0,4685.0,11300.0
2015-10-15,4615.0,4860.0,4560.0,4855.0,16000.0
2015-10-16,4800.0,4950.0,4710.0,4930.0,16600.0
2015-10-19,4800.0,4850.0,4720.0,4720.0,5200.0
2015-10-20,4810.0,4810.0,4700.0,4700.0,2300.0
2015-10-21,4770.0,4775.0,4625.0,4710.0,8200.0
2015-10-22,4680.0,4745.0,4580.0,4580.0,9700.0
2015-10-23,4585.0,4670.0,4585.0,4605.0,6800.0
2015-10-26,4665.0,4800.0,4610.0,4745.0,7200.0
2015-10-27,4695.0,4710.0,4695.0,4705.0,1600.0
2015-10-28,5360.0,5410.0,5040.0,5350.0,135200.0
2015-10-29,5400.0,5470.0,5190.0,5330.0,31600.0
2015-10-30,5410.0,5530.0,5200.0,5210.0,22600.0
2015-11-02,5350.0,5430.0,5240.0,5350.0,23000.0
2015-11-04,5400.0,5400.0,5280.0,5400.0,25100.0
2015-11-05,5510.0,5590.0,5470.0,5480.0,64200.0
2015-11-06,5550.0,5780.0,5520.0,5660.0,29600.0
2015-11-09,5800.0,6000.0,5680.0,5980.0,29400.0
2015-11-10,5810.0,5900.0,5650.0,5700.0,36100.0
2015-11-11,5800.0,5820.0,5710.0,5740.0,27100.0
2015-11-12,5830.0,6150.0,5790.0,6070.0,43900.0
2015-11-13,5950.0,6070.0,5890.0,6060.0,32200.0
2015-11-16,5960.0,6050.0,5860.0,5890.0,26400.0
2015-11-17,5970.0,6000.0,5910.0,6000.0,19400.0
2015-11-18,6050.0,6080.0,5940.0,6050.0,19700.0
2015-11-19,6050.0,6140.0,5970.0,5970.0,13500.0
2015-11-20,6000.0,6000.0,5860.0,5920.0,12500.0
2015-11-24,6000.0,6060.0,5860.0,5940.0,36200.0
2015-11-25,5900.0,6150.0,5860.0,6110.0,37400.0
2015-11-26,6070.0,6200.0,6010.0,6200.0,27500.0
2015-11-27,6200.0,6200.0,5990.0,6040.0,14500.0
2015-11-30,5950.0,6000.0,5910.0,5960.0,13700.0
2015-12-01,5920.0,6080.0,5830.0,6010.0,20000.0
2015-12-02,6060.0,6060.0,5910.0,5980.0,18600.0
2015-12-03,5940.0,6060.0,5940.0,5980.0,20800.0
2015-12-04,5970.0,5980.0,5880.0,5930.0,14000.0
2015-12-07,6030.0,6070.0,5970.0,5980.0,14800.0
2015-12-08,6000.0,6000.0,5930.0,6000.0,21300.0
2015-12-09,6000.0,6000.0,5870.0,5900.0,19300.0
2015-12-10,5890.0,6000.0,5820.0,5940.0,21200.0
2015-12-11,5860.0,5980.0,5860.0,5910.0,7700.0
2015-12-14,5800.0,5870.0,5750.0,5790.0,12200.0
2015-12-15,5760.0,5800.0,5550.0,5640.0,30000.0
2015-12-16,5710.0,5800.0,5710.0,5800.0,7000.0
2015-12-17,5900.0,6000.0,5860.0,5970.0,12600.0
2015-12-18,5980.0,6030.0,5920.0,6030.0,9600.0
2015-12-21,5980.0,5990.0,5850.0,5880.0,8300.0
2015-12-22,5950.0,5950.0,5650.0,5700.0,23800.0
2015-12-24,5700.0,5750.0,5370.0,5380.0,38200.0
2015-12-25,5360.0,5570.0,5360.0,5470.0,17200.0
2015-12-28,5550.0,5780.0,5450.0,5740.0,14700.0
2015-12-29,5670.0,5770.0,5540.0,5710.0,12400.0
2015-12-30,5840.0,5930.0,5700.0,5930.0,10200.0
2016-01-04,5830.0,5950.0,5760.0,5760.0,10000.0
2016-01-05,5750.0,5750.0,5580.0,5610.0,15800.0
2016-01-06,5680.0,5710.0,5560.0,5680.0,7100.0
2016-01-07,5620.0,5620.0,5390.0,5410.0,15200.0
2016-01-08,5300.0,5400.0,5250.0,5330.0,18700.0
2016-01-12,5230.0,5320.0,4900.0,4995.0,29000.0
2016-01-13,5500.0,5700.0,5280.0,5450.0,33700.0
2016-01-14,5300.0,5420.0,5220.0,5310.0,18600.0
2016-01-15,5600.0,5600.0,5330.0,5330.0,10600.0
2016-01-18,5130.0,5400.0,5130.0,5370.0,10700.0
2016-01-19,5380.0,5380.0,5260.0,5300.0,10000.0
2016-01-20,5300.0,5300.0,5070.0,5100.0,15100.0
2016-01-21,5090.0,5320.0,5090.0,5240.0,23200.0
2016-01-22,5310.0,5400.0,5300.0,5390.0,10200.0
2016-01-25,5540.0,5630.0,5460.0,5510.0,19000.0
2016-01-26,5410.0,5670.0,5410.0,5550.0,10200.0
2016-01-27,5690.0,5700.0,5560.0,5580.0,11000.0
2016-01-28,5640.0,5910.0,5560.0,5740.0,15700.0
2016-01-29,5740.0,5790.0,5620.0,5730.0,10400.0
2016-02-01,5160.0,5440.0,5150.0,5290.0,42400.0
2016-02-02,5230.0,5260.0,5100.0,5150.0,35000.0
2016-02-03,5100.0,5110.0,4800.0,4840.0,45900.0
2016-02-04,4795.0,4800.0,4510.0,4570.0,53200.0
2016-02-05,4570.0,4570.0,4350.0,4525.0,30200.0
2016-02-08,4500.0,4745.0,4445.0,4735.0,26600.0
2016-02-09,4585.0,4585.0,4450.0,4475.0,17400.0
2016-02-10,4475.0,4545.0,4280.0,4320.0,15100.0
2016-02-12,4005.0,4185.0,4005.0,4065.0,13800.0
2016-02-15,4190.0,4465.0,4180.0,4395.0,19100.0
2016-02-16,4465.0,4590.0,4465.0,4590.0,19100.0
2016-02-17,4525.0,4545.0,4415.0,4495.0,14400.0
2016-02-18,4495.0,4560.0,4455.0,4455.0,20500.0
2016-02-19,4400.0,4525.0,4310.0,4320.0,16100.0
2016-02-22,4320.0,4470.0,4320.0,4430.0,20200.0
2016-02-23,4445.0,4560.0,4445.0,4465.0,10400.0
2016-02-24,4410.0,4440.0,4320.0,4320.0,22100.0
2016-02-25,4360.0,4515.0,4325.0,4515.0,31200.0
2016-02-26,4615.0,4635.0,4495.0,4495.0,23900.0
2016-02-29,4565.0,4665.0,4510.0,4665.0,18000.0
2016-03-01,4650.0,4670.0,4545.0,4560.0,15000.0
2016-03-02,4630.0,4765.0,4590.0,4755.0,20600.0
2016-03-03,4700.0,4750.0,4655.0,4655.0,20100.0
2016-03-04,4675.0,4755.0,4590.0,4695.0,36100.0
2016-03-07,4710.0,4755.0,4695.0,4740.0,21500.0
2016-03-08,4750.0,4810.0,4730.0,4810.0,16900.0
2016-03-09,4750.0,4795.0,4730.0,4745.0,20300.0
2016-03-10,4770.0,4905.0,4770.0,4870.0,16300.0
2016-03-11,4800.0,4870.0,4780.0,4780.0,10600.0
2016-03-14,4810.0,5000.0,4810.0,4995.0,19700.0
2016-03-15,5000.0,5060.0,4930.0,5060.0,17200.0
2016-03-16,5030.0,5080.0,4985.0,5050.0,10500.0
2016-03-17,5040.0,5100.0,5040.0,5090.0,17300.0
2016-03-18,5090.0,5120.0,4955.0,4980.0,22000.0
2016-03-22,5010.0,5040.0,4985.0,5000.0,13300.0
2016-03-23,5350.0,5350.0,5150.0,5210.0,41400.0
2016-03-24,5250.0,5280.0,5170.0,5200.0,26100.0
2016-03-25,5260.0,5260.0,5190.0,5210.0,13100.0
2016-03-28,5280.0,5280.0,5070.0,5090.0,28300.0
2016-03-29,4940.0,5080.0,4940.0,5050.0,18800.0
2016-03-30,5010.0,5060.0,5000.0,5010.0,9100.0
2016-03-31,5090.0,5090.0,4990.0,5030.0,8400.0
2016-04-01,5030.0,5030.0,4750.0,4800.0,16200.0
2016-04-04,4750.0,4850.0,4730.0,4790.0,5300.0
2016-04-05,4720.0,4785.0,4570.0,4650.0,16400.0
2016-04-06,4575.0,4740.0,4570.0,4665.0,10200.0
2016-04-07,4665.0,4800.0,4610.0,4675.0,17000.0
2016-04-08,4740.0,4880.0,4710.0,4875.0,12000.0
2016-04-11,4865.0,4880.0,4745.0,4850.0,7000.0
2016-04-12,4845.0,4910.0,4815.0,4855.0,9600.0
2016-04-13,4855.0,4865.0,4740.0,4800.0,19900.0
2016-04-14,4780.0,4900.0,4705.0,4850.0,19100.0
2016-04-15,4780.0,4840.0,4760.0,4790.0,13500.0
2016-04-18,4750.0,4795.0,4735.0,4735.0,9700.0
2016-04-19,4750.0,4830.0,4750.0,4800.0,5700.0
2016-04-20,4810.0,4915.0,4810.0,4820.0,11700.0
2016-04-21,4875.0,5030.0,4870.0,5030.0,9900.0
2016-04-22,4930.0,5010.0,4930.0,5000.0,4000.0
2016-04-25,5000.0,5000.0,4960.0,4985.0,3100.0
2016-04-26,4995.0,4995.0,4885.0,4960.0,7200.0
2016-04-27,4950.0,5000.0,4870.0,4890.0,11800.0
2016-04-28,4870.0,4940.0,4870.0,4910.0,8300.0
2016-05-02,4770.0,4775.0,4580.0,4725.0,17600.0
2016-05-06,4700.0,4790.0,4655.0,4700.0,7700.0
2016-05-09,4740.0,4740.0,4635.0,4705.0,9400.0
2016-05-10,4710.0,4800.0,4710.0,4795.0,8300.0
2016-05-11,4835.0,4990.0,4815.0,4955.0,11400.0
2016-05-12,4955.0,4955.0,4765.0,4890.0,16000.0
2016-05-13,4720.0,5120.0,4720.0,5120.0,40000.0
2016-05-16,5120.0,5130.0,4900.0,5120.0,13300.0
2016-05-17,5120.0,5130.0,4970.0,5070.0,13900.0
2016-05-18,5120.0,5120.0,4990.0,5050.0,9700.0
2016-05-19,5060.0,5100.0,4945.0,4980.0,10200.0
2016-05-20,5120.0,5120.0,4995.0,5090.0,13200.0
2016-05-23,5090.0,5090.0,4985.0,4990.0,7200.0
2016-05-24,4920.0,5020.0,4900.0,4965.0,14000.0
2016-05-25,4965.0,4990.0,4875.0,4890.0,8200.0
2016-05-26,4955.0,5030.0,4895.0,4995.0,8400.0
2016-05-27,4995.0,5010.0,4925.0,5000.0,6400.0
2016-05-30,5000.0,5070.0,5000.0,5060.0,5900.0
2016-05-31,5100.0,5150.0,5010.0,5050.0,56500.0
2016-06-01,5020.0,5190.0,5010.0,5050.0,12300.0
2016-06-02,5050.0,5200.0,5040.0,5180.0,8400.0
2016-06-03,5180.0,5250.0,5080.0,5250.0,12700.0
2016-06-06,5200.0,5270.0,5130.0,5240.0,7900.0
2016-06-07,5260.0,5530.0,5250.0,5440.0,34800.0
2016-06-08,5390.0,5400.0,5310.0,5370.0,7200.0
2016-06-09,5370.0,5390.0,5150.0,5270.0,8600.0
2016-06-10,5150.0,5310.0,5150.0,5310.0,7100.0
2016-06-13,5310.0,5310.0,5120.0,5180.0,12900.0
2016-06-14,5150.0,5210.0,5070.0,5190.0,7900.0
2016-06-15,5130.0,5200.0,5110.0,5140.0,3400.0
2016-06-16,5100.0,5100.0,4990.0,4995.0,6200.0
2016-06-17,4995.0,5080.0,4975.0,5010.0,3400.0
2016-06-20,5120.0,5270.0,5120.0,5170.0,6200.0
2016-06-21,5230.0,5270.0,5150.0,5200.0,2200.0
2016-06-22,5200.0,5200.0,5110.0,5110.0,2400.0
2016-06-23,5110.0,5110.0,5050.0,5050.0,300.0
2016-06-24,5190.0,5190.0,4600.0,4915.0,11200.0
2016-06-27,4915.0,5200.0,4915.0,5100.0,6100.0
2016-06-28,5050.0,5160.0,4945.0,5160.0,4200.0
2016-06-29,5200.0,5200.0,5100.0,5150.0,2600.0
2016-06-30,5200.0,5200.0,5110.0,5190.0,5800.0
2016-07-01,5220.0,5220.0,5100.0,5160.0,5100.0
2016-07-04,5200.0,5200.0,5120.0,5140.0,2800.0
2016-07-05,5130.0,5130.0,5010.0,5010.0,5300.0
2016-07-06,4980.0,5010.0,4920.0,5000.0,6100.0
2016-07-07,4950.0,5090.0,4950.0,5040.0,5500.0
2016-07-08,5040.0,5040.0,4960.0,4975.0,3300.0
2016-07-11,5040.0,5040.0,4910.0,4940.0,4800.0
2016-07-12,4985.0,4990.0,4940.0,4945.0,4400.0
2016-07-13,4985.0,4990.0,4960.0,4960.0,3000.0
2016-07-14,4960.0,5000.0,4960.0,4970.0,6000.0
2016-07-15,4980.0,4985.0,4965.0,4985.0,2700.0
2016-07-19,4980.0,4980.0,4840.0,4850.0,13100.0
2016-07-20,4865.0,4920.0,4850.0,4920.0,3400.0
2016-07-21,4895.0,4895.0,4780.0,4815.0,8600.0
2016-07-22,4825.0,4885.0,4810.0,4810.0,3900.0
2016-07-25,4900.0,4905.0,4800.0,4800.0,7400.0
2016-07-26,4895.0,4995.0,4850.0,4990.0,10900.0
2016-07-27,5010.0,5130.0,5010.0,5120.0,10300.0
2016-07-28,5130.0,5130.0,5020.0,5020.0,6200.0
2016-07-29,5090.0,5150.0,5000.0,5150.0,6500.0
2016-08-01,5250.0,5440.0,5150.0,5390.0,38100.0
2016-08-02,5500.0,5640.0,5490.0,5610.0,23100.0
2016-08-03,5510.0,5580.0,5310.0,5400.0,20300.0
2016-08-04,5500.0,5550.0,5400.0,5400.0,5100.0
2016-08-05,5470.0,5520.0,5400.0,5410.0,8500.0
2016-08-08,5520.0,5530.0,5460.0,5500.0,3800.0
2016-08-09,5500.0,5500.0,5400.0,5410.0,1400.0
2016-08-10,5500.0,5520.0,5430.0,5430.0,4600.0
2016-08-12,5500.0,5500.0,5330.0,5330.0,6400.0
2016-08-15,5330.0,5330.0,5140.0,5230.0,5200.0
2016-08-16,5180.0,5220.0,5140.0,5140.0,1300.0
2016-08-17,5140.0,5170.0,5110.0,5110.0,4400.0
2016-08-18,5060.0,5140.0,5000.0,5000.0,5300.0
2016-08-19,5000.0,5060.0,4910.0,4920.0,4500.0
2016-08-22,4990.0,5040.0,4935.0,5040.0,7900.0
2016-08-23,5000.0,5000.0,4950.0,4950.0,6900.0
2016-08-24,4960.0,5150.0,4960.0,5040.0,3300.0
2016-08-25,5040.0,5240.0,5040.0,5180.0,3000.0
2016-08-26,5110.0,5180.0,5090.0,5120.0,1900.0
2016-08-29,5180.0,5270.0,5120.0,5120.0,5500.0
2016-08-30,5190.0,5190.0,5140.0,5140.0,900.0
2016-08-31,5140.0,5330.0,5140.0,5330.0,6300.0
2016-09-01,5300.0,5400.0,5290.0,5400.0,6300.0
2016-09-02,5390.0,5390.0,5250.0,5340.0,6200.0
2016-09-05,5350.0,5360.0,5130.0,5140.0,7300.0
2016-09-06,5140.0,5270.0,5130.0,5270.0,3500.0
2016-09-07,5290.0,5390.0,5270.0,5290.0,3100.0
2016-09-08,5290.0,5300.0,5200.0,5200.0,2200.0
2016-09-09,5210.0,5270.0,5170.0,5210.0,1800.0
2016-09-12,5210.0,5210.0,5000.0,5000.0,13300.0
2016-09-13,5090.0,5100.0,5030.0,5100.0,3100.0
2016-09-14,5100.0,5160.0,5100.0,5160.0,2900.0
2016-09-15,5130.0,5140.0,5030.0,5090.0,3700.0
2016-09-16,5090.0,5220.0,5060.0,5220.0,5300.0
2016-09-20,5140.0,5170.0,5100.0,5110.0,6000.0
2016-09-21,5100.0,5100.0,5070.0,5070.0,1200.0
2016-09-23,5120.0,5120.0,5030.0,5050.0,2800.0
2016-09-26,5060.0,5120.0,5060.0,5060.0,1300.0
2016-09-27,5060.0,5180.0,5060.0,5160.0,2400.0
2016-09-28,5150.0,5150.0,5080.0,5080.0,1500.0
2016-09-29,5060.0,5190.0,5060.0,5080.0,3000.0
2016-09-30,5060.0,5100.0,5050.0,5070.0,2900.0
2016-10-03,5070.0,5090.0,5050.0,5050.0,1900.0
2016-10-04,5050.0,5090.0,5040.0,5040.0,4400.0
2016-10-05,5040.0,5190.0,5040.0,5190.0,4500.0
2016-10-06,5170.0,5210.0,5080.0,5190.0,2600.0
2016-10-07,5260.0,5380.0,5200.0,5360.0,6100.0
2016-10-11,5280.0,5400.0,5260.0,5390.0,3200.0
2016-10-12,5390.0,5450.0,5310.0,5390.0,5100.0
2016-10-13,5340.0,5490.0,5330.0,5400.0,4100.0
2016-10-14,5330.0,5510.0,5330.0,5510.0,8900.0
2016-10-17,5410.0,5530.0,5410.0,5460.0,5400.0
2016-10-18,5500.0,5500.0,5420.0,5500.0,2600.0
2016-10-19,5530.0,5530.0,5450.0,5490.0,1800.0
2016-10-20,5440.0,5460.0,5400.0,5440.0,3400.0
2016-10-21,5380.0,5400.0,5290.0,5290.0,3300.0
2016-10-24,5290.0,5360.0,5290.0,5300.0,2000.0
2016-10-25,5520.0,5670.0,5470.0,5500.0,26300.0
2016-10-26,5430.0,5520.0,5400.0,5420.0,3800.0
2016-10-27,5400.0,5450.0,5380.0,5400.0,3000.0
2016-10-28,5470.0,5600.0,5470.0,5530.0,3100.0
2016-10-31,5500.0,5540.0,5420.0,5420.0,2400.0
2016-11-01,5410.0,5540.0,5390.0,5430.0,2100.0
2016-11-02,5400.0,5460.0,5320.0,5330.0,5800.0
2016-11-04,5330.0,5420.0,5320.0,5350.0,7800.0
2016-11-07,5450.0,5520.0,5380.0,5450.0,5800.0
2016-11-08,5530.0,5530.0,5350.0,5460.0,2300.0
2016-11-09,5530.0,5530.0,5340.0,5380.0,6100.0
2016-11-10,5580.0,5580.0,5430.0,5430.0,9500.0
2016-11-11,5480.0,5580.0,5480.0,5530.0,6200.0
2016-11-14,5570.0,5590.0,5540.0,5580.0,3700.0
2016-11-15,5610.0,5650.0,5560.0,5650.0,4900.0
2016-11-16,5650.0,5750.0,5650.0,5730.0,5800.0
2016-11-17,5790.0,5960.0,5790.0,5890.0,9500.0
2016-11-18,5890.0,5890.0,5810.0,5860.0,3500.0
2016-11-21,5940.0,6000.0,5880.0,6000.0,6900.0
2016-11-22,5930.0,5960.0,5890.0,5890.0,5800.0
2016-11-24,5990.0,6000.0,5930.0,5950.0,2200.0
2016-11-25,5950.0,5950.0,5800.0,5860.0,1700.0
2016-11-28,5780.0,5870.0,5780.0,5830.0,1800.0
2016-11-29,5850.0,5850.0,5810.0,5850.0,1300.0
2016-11-30,5900.0,5900.0,5750.0,5880.0,6400.0
2016-12-01,5860.0,5900.0,5760.0,5830.0,6000.0
2016-12-02,5830.0,5900.0,5820.0,5900.0,3300.0
2016-12-05,5900.0,5900.0,5800.0,5800.0,4100.0
2016-12-06,5800.0,5860.0,5770.0,5850.0,1900.0
2016-12-07,5860.0,5890.0,5860.0,5890.0,800.0
2016-12-08,5920.0,5930.0,5820.0,5820.0,6500.0
2016-12-09,5920.0,5920.0,5800.0,5800.0,3300.0
2016-12-12,5800.0,5840.0,5740.0,5740.0,3500.0
2016-12-13,5710.0,5830.0,5710.0,5790.0,3500.0
2016-12-14,5770.0,5870.0,5730.0,5740.0,4300.0
2016-12-15,5750.0,5780.0,5730.0,5750.0,2900.0
2016-12-16,5830.0,5830.0,5800.0,5810.0,2800.0
2016-12-19,5800.0,5830.0,5790.0,5800.0,3300.0
2016-12-20,5880.0,5880.0,5790.0,5840.0,4900.0
2016-12-21,5800.0,5900.0,5800.0,5850.0,3600.0
2016-12-22,5770.0,5870.0,5770.0,5800.0,4000.0
2016-12-26,5800.0,5850.0,5790.0,5810.0,3300.0
2016-12-27,5800.0,5870.0,5800.0,5870.0,3700.0
2016-12-28,5890.0,5990.0,5880.0,5960.0,7400.0
2016-12-29,5990.0,6050.0,5980.0,6040.0,7700.0
2016-12-30,5940.0,6050.0,5900.0,6040.0,4500.0
